year,module,student,programme,science,grade,mark,perc,first
2012,SPS9D8,1710989/1,Bachelor of Arts with Honours in Psychology and Sports Studies,0,1A,18,90,1
2014,SPS9D8,1911049/1,Bachelor of Arts with Honours in Psychology and Sports Studies,0,1A,18,90,1
2013,SPS9D8,1813436/1,Bachelor of Arts with Honours in Sports Studies,0,1A,18,90,1
2013,SPS9D4,2019326/1,Diploma in Higher Education in Sport and Exercise Science,0,1A,18,90,1
2014,SPS9D4,2012894/1,Bachelor of Science with Honours in Sport and Exercise Science,1,1A,18,90,1
2013,SPS9D4,2014243/1,Bachelor of Science with Honours in Sport and Exercise Science,1,1A,18,90,1
2013,SPS9D8,1719812/1,Bachelor of Arts with Honours in Business Studies and Sports Studies,0,1B,17,85,1
2013,SPS9D8,1817071/1,Bachelor of Arts with Honours in Marketing and Sports Studies,0,1B,17,85,1
2013,SPS9D8,1717312/1,Bachelor of Arts with Honours in Psychology and Sports Studies,0,1B,17,85,1
2014,SPS9D8,1815608/1,Bachelor of Arts with Honours in Psychology and Sports Studies,0,1B,17,85,1
2011,SPS9D8,1617893/1,Bachelor of Arts with Honours in Sports Studies,0,1B,17,85,1
2014,SPS9D8,1912500/1,Bachelor of Arts with Honours in Sports Studies,0,1B,17,85,1
2014,SPS9D4,2120267/1,Bachelor of Science with Honours in Sport and Exercise Science,1,1B,17,85,1
2014,SPS9D4,2119188/1,Bachelor of Science with Honours in Sport and Exercise Science,1,1B,17,85,1
2013,SPS9D4,2014994/1,Bachelor of Science with Honours in Sport and Exercise Science,1,1B,17,85,1
2012,SPS9D6,1817918/1,Bachelor of Science with Honours in Sport and Exercise Science,1,1B,17,85,1
2014,SPS9D6,1910531/1,Bachelor of Science with Honours in Sport and Exercise Science,1,1B,17,85,1
2014,SPS9D6,1916586/1,Bachelor of Science with Honours in Sport and Exercise Science,1,1B,17,85,1
2014,SPS9D6,2014243/1,Bachelor of Science with Honours in Sport and Exercise Science,1,1B,17,85,1
2011,SPS9D8,1616421/1,Bachelor of Science with Honours in Sport and Exercise Science,1,1B,17,85,1
2012,SPS9D8,1717358/1,Bachelor of Science with Honours in Sport and Exercise Science,1,1B,17,85,1
2012,SPS9D8,1715065/1,Bachelor of Science with Honours in Sport and Exercise Science,1,1B,17,85,1
2014,SPS9D8,1918983/1,Bachelor of Science with Honours in Sport and Exercise Science,1,1B,17,85,1
2014,SPS9D8,1913716/1,Bachelor of Science with Honours in Sport and Exercise Science,1,1B,17,85,1
2014,SPS9D8,1914731/1,Bachelor of Science with Honours in Sport and Exercise Science,1,1B,17,85,1
2012,SPS9D8,1716717/1,Bachelor of Arts with Honours in Film & Media and Sports Studies,0,1C,16,80,1
2013,SPS9D8,1814535/1,Bachelor of Arts with Honours in Journalism Studies and Sports Studies,0,1C,16,80,1
2011,SPS9D8,1514631/1,Bachelor of Arts with Honours in Psychology and Sports Studies,0,1C,16,80,1
2014,SPS9D8,1912292/1,Bachelor of Arts with Honours in Psychology and Sports Studies,0,1C,16,80,1
2014,SPS9D8,1911950/1,Bachelor of Arts with Honours in Psychology and Sports Studies,0,1C,16,80,1
2014,SPS9D4,2122847/1,Bachelor of Arts with Honours in Sports Studies,0,1C,16,80,1
2012,SPS9D6,1710865/1,Bachelor of Arts with Honours in Sports Studies,0,1C,16,80,1
2011,SPS9D8,1615977/1,Bachelor of Arts with Honours in Sports Studies,0,1C,16,80,1
2011,SPS9D8,1515868/1,Bachelor of Arts with Honours in Sports Studies,0,1C,16,80,1
2012,SPS9D8,1714638/1,Bachelor of Arts with Honours in Sports Studies,0,1C,16,80,1
2012,SPS9D8,1713717/1,Bachelor of Arts with Honours in Sports Studies,0,1C,16,80,1
2013,SPS9D8,1816386/1,Bachelor of Arts with Honours in Sports Studies,0,1C,16,80,1
2013,SPS9D8,1715961/1,Bachelor of Arts with Honours in Sports Studies,0,1C,16,80,1
2013,SPS9D8,1823686/2,Bachelor of Arts with Honours in Sports Studies,0,1C,16,80,1
2014,SPS9D8,1914178/1,Bachelor of Arts with Honours in Sports Studies,0,1C,16,80,1
2014,SPS9D8,1921845/1,Bachelor of Arts with Honours in Sports Studies,0,1C,16,80,1
2014,SPS9D8,1710865/1,Bachelor of Arts with Honours in Sports Studies,0,1C,16,80,1
2014,SPS9D8,1913799/1,Bachelor of Arts with Honours in Sports Studies,0,1C,16,80,1
2014,SPS9D8,1923212/1,Bachelor of Arts with Honours in Sports Studies,0,1C,16,80,1
2012,SPS9D8,1718628/1,Bachelor of Arts with Honours in Sports Studies and Tourism Management,0,1C,16,80,1
2014,SPS9D4,2120388/1,Bachelor of Science with Honours in Sport and Exercise Science,1,1C,16,80,1
2013,SPS9D4,2017620/1,Bachelor of Science with Honours in Sport and Exercise Science,1,1C,16,80,1
2013,SPS9D4,2012191/1,Bachelor of Science with Honours in Sport and Exercise Science,1,1C,16,80,1
2013,SPS9D4,1916586/1,Bachelor of Science with Honours in Sport and Exercise Science,1,1C,16,80,1
2012,SPS915,1818229/1,Bachelor of Science with Honours in Sport and Exercise Science,1,1C,16,80,1
2013,SPS915,1910531/1,Bachelor of Science with Honours in Sport and Exercise Science,1,1C,16,80,1
2013,SPS915,2012191/1,Bachelor of Science with Honours in Sport and Exercise Science,1,1C,16,80,1
2013,SPS915,1916586/1,Bachelor of Science with Honours in Sport and Exercise Science,1,1C,16,80,1
2012,SPS9C5,1815274/1,Bachelor of Science with Honours in Sport and Exercise Science,1,1C,16,80,1
2012,SPS9C5,1810308/1,Bachelor of Science with Honours in Sport and Exercise Science,1,1C,16,80,1
2012,SPS9C5,1811155/1,Bachelor of Science with Honours in Sport and Exercise Science,1,1C,16,80,1
2013,SPS9C5,1910531/1,Bachelor of Science with Honours in Sport and Exercise Science,1,1C,16,80,1
2013,SPS9C5,2014171/1,Bachelor of Science with Honours in Sport and Exercise Science,1,1C,16,80,1
2013,SPS9C5,2014994/1,Bachelor of Science with Honours in Sport and Exercise Science,1,1C,16,80,1
2011,SPS9D6,1710992/1,Bachelor of Science with Honours in Sport and Exercise Science,1,1C,16,80,1
2012,SPS9D6,1812003/1,Bachelor of Science with Honours in Sport and Exercise Science,1,1C,16,80,1
2013,SPS9D6,1815274/1,Bachelor of Science with Honours in Sport and Exercise Science,1,1C,16,80,1
2014,SPS9D6,2017620/1,Bachelor of Science with Honours in Sport and Exercise Science,1,1C,16,80,1
2014,SPS9D6,2012191/1,Bachelor of Science with Honours in Sport and Exercise Science,1,1C,16,80,1
2014,SPS9D6,2014994/1,Bachelor of Science with Honours in Sport and Exercise Science,1,1C,16,80,1
2012,SPS9D8,1825216/1,Bachelor of Science with Honours in Sport and Exercise Science,1,1C,16,80,1
2012,SPS9D8,1210599/1,Bachelor of Science with Honours in Sport and Exercise Science,1,1C,16,80,1
2013,SPS9D8,1815063/1,Bachelor of Science with Honours in Sport and Exercise Science,1,1C,16,80,1
2013,SPS9D8,1810323/1,Bachelor of Science with Honours in Sport and Exercise Science,1,1C,16,80,1
2013,SPS9D8,1814367/1,Bachelor of Science with Honours in Sport and Exercise Science,1,1C,16,80,1
2013,SPS9D8,1812003/1,Bachelor of Science with Honours in Sport and Exercise Science,1,1C,16,80,1
2013,SPS9D8,1811065/1,Bachelor of Science with Honours in Sport and Exercise Science,1,1C,16,80,1
2014,SPS9D8,1916368/1,Bachelor of Science with Honours in Sport and Exercise Science,1,1C,16,80,1
2014,SPS9D8,1916487/1,Bachelor of Arts with Honours in Business Studies and Sports Studies,0,2A,15,75,1
2014,SPS9D8,1913554/1,Bachelor of Arts with Honours in Business Studies and Sports Studies,0,2A,15,75,1
2014,SPS9D8,1917692/1,Bachelor of Arts with Honours in Business Studies and Sports Studies,0,2A,15,75,1
2013,SPS915,2012204/1,Bachelor of Arts with Honours in Psychology and Sports Studies,0,2A,15,75,1
2013,SPS9C5,1921188/1,Bachelor of Arts with Honours in Psychology and Sports Studies,0,2A,15,75,1
2011,SPS9D8,1611304/1,Bachelor of Arts with Honours in Psychology and Sports Studies,0,2A,15,75,1
2013,SPS9D8,1711680/1,Bachelor of Arts with Honours in Psychology and Sports Studies,0,2A,15,75,1
2013,SPS9D8,1815701/1,Bachelor of Arts with Honours in Psychology and Sports Studies,0,2A,15,75,1
2014,SPS9D8,1916836/1,Bachelor of Arts with Honours in Psychology and Sports Studies,0,2A,15,75,1
2014,SPS9D8,1913648/1,Bachelor of Arts with Honours in Psychology and Sports Studies,0,2A,15,75,1
2011,SPS9D6,1712727/1,Bachelor of Arts with Honours in Sports Studies,0,2A,15,75,1
2011,SPS9D6,1725545/1,Bachelor of Arts with Honours in Sports Studies,0,2A,15,75,1
2014,SPS9D6,2122171/1,Bachelor of Arts with Honours in Sports Studies,0,2A,15,75,1
2011,SPS9D8,1613479/1,Bachelor of Arts with Honours in Sports Studies,0,2A,15,75,1
2012,SPS9D8,1717535/1,Bachelor of Arts with Honours in Sports Studies,0,2A,15,75,1
2012,SPS9D8,1711668/1,Bachelor of Arts with Honours in Sports Studies,0,2A,15,75,1
2012,SPS9D8,1817961/1,Bachelor of Arts with Honours in Sports Studies,0,2A,15,75,1
2012,SPS9D8,1813965/1,Bachelor of Arts with Honours in Sports Studies,0,2A,15,75,1
2012,SPS9D8,1714176/1,Bachelor of Arts with Honours in Sports Studies,0,2A,15,75,1
2013,SPS9D8,1812985/1,Bachelor of Arts with Honours in Sports Studies,0,2A,15,75,1
2013,SPS9D8,1914232/1,Bachelor of Arts with Honours in Sports Studies,0,2A,15,75,1
2013,SPS9D8,1814396/1,Bachelor of Arts with Honours in Sports Studies,0,2A,15,75,1
2014,SPS9D8,1923213/1,Bachelor of Arts with Honours in Sports Studies,0,2A,15,75,1
2014,SPS9D8,1811463/1,Bachelor of Arts with Honours in Sports Studies,0,2A,15,75,1
2014,SPS9D4,2116058/1,Bachelor of Science with Honours in Sport and Exercise Science,1,2A,15,75,1
2014,SPS9D4,2114353/1,Bachelor of Science with Honours in Sport and Exercise Science,1,2A,15,75,1
2014,SPS9D4,2116393/1,Bachelor of Science with Honours in Sport and Exercise Science,1,2A,15,75,1
2014,SPS9D4,2113699/1,Bachelor of Science with Honours in Sport and Exercise Science,1,2A,15,75,1
2014,SPS9D4,2113367/1,Bachelor of Science with Honours in Sport and Exercise Science,1,2A,15,75,1
2014,SPS9D4,2119071/1,Bachelor of Science with Honours in Sport and Exercise Science,1,2A,15,75,1
2013,SPS9D4,2019450/1,Bachelor of Science with Honours in Sport and Exercise Science,1,2A,15,75,1
2013,SPS9D4,2014171/1,Bachelor of Science with Honours in Sport and Exercise Science,1,2A,15,75,1
2013,SPS9D4,2013588/1,Bachelor of Science with Honours in Sport and Exercise Science,1,2A,15,75,1
2012,SPS915,1815274/1,Bachelor of Science with Honours in Sport and Exercise Science,1,2A,15,75,1
2012,SPS915,1913716/1,Bachelor of Science with Honours in Sport and Exercise Science,1,2A,15,75,1
2012,SPS915,1811155/1,Bachelor of Science with Honours in Sport and Exercise Science,1,2A,15,75,1
2013,SPS915,2014994/1,Bachelor of Science with Honours in Sport and Exercise Science,1,2A,15,75,1
2010,SPS9C5,1622670/1,Bachelor of Science with Honours in Sport and Exercise Science,1,2A,15,75,1
2012,SPS9C5,1913716/1,Bachelor of Science with Honours in Sport and Exercise Science,1,2A,15,75,1
2011,SPS9D6,1715065/1,Bachelor of Science with Honours in Sport and Exercise Science,1,2A,15,75,1
2012,SPS9D6,1815063/1,Bachelor of Science with Honours in Sport and Exercise Science,1,2A,15,75,1
2012,SPS9D6,1811737/1,Bachelor of Science with Honours in Sport and Exercise Science,1,2A,15,75,1
2012,SPS9D6,1818202/1,Bachelor of Science with Honours in Sport and Exercise Science,1,2A,15,75,1
2012,SPS9D6,1811065/1,Bachelor of Science with Honours in Sport and Exercise Science,1,2A,15,75,1
2013,SPS9D6,1810308/1,Bachelor of Science with Honours in Sport and Exercise Science,1,2A,15,75,1
2013,SPS9D6,1913590/1,Bachelor of Science with Honours in Sport and Exercise Science,1,2A,15,75,1
2013,SPS9D6,1913814/1,Bachelor of Science with Honours in Sport and Exercise Science,1,2A,15,75,1
2013,SPS9D6,1811155/1,Bachelor of Science with Honours in Sport and Exercise Science,1,2A,15,75,1
2014,SPS9D6,2019450/1,Bachelor of Science with Honours in Sport and Exercise Science,1,2A,15,75,1
2014,SPS9D6,1912178/1,Bachelor of Science with Honours in Sport and Exercise Science,1,2A,15,75,1
2014,SPS9D6,2014171/1,Bachelor of Science with Honours in Sport and Exercise Science,1,2A,15,75,1
2014,SPS9D6,2014323/1,Bachelor of Science with Honours in Sport and Exercise Science,1,2A,15,75,1
2011,SPS9D8,1616970/1,Bachelor of Science with Honours in Sport and Exercise Science,1,2A,15,75,1
2012,SPS9D8,1622670/1,Bachelor of Science with Honours in Sport and Exercise Science,1,2A,15,75,1
2013,SPS9D8,1813444/1,Bachelor of Science with Honours in Sport and Exercise Science,1,2A,15,75,1
2013,SPS9D8,1811737/1,Bachelor of Science with Honours in Sport and Exercise Science,1,2A,15,75,1
2013,SPS9D8,1817918/1,Bachelor of Science with Honours in Sport and Exercise Science,1,2A,15,75,1
2014,SPS9D8,1815274/1,Bachelor of Science with Honours in Sport and Exercise Science,1,2A,15,75,1
2014,SPS9D8,1913814/1,Bachelor of Science with Honours in Sport and Exercise Science,1,2A,15,75,1
2014,SPS9D8,1818229/1,Bachelor of Science with Honours in Sport and Exercise Science,1,2A,15,75,1
2012,SPS9C5,1914427/1,Bachelor of Arts in Sports Studies,0,2B,14,70,1
2014,SPS9D6,2010956/1,Bachelor of Arts in Sports Studies,0,2B,14,70,1
2014,SPS9D6,2021394/1,Bachelor of Arts in Sports Studies,0,2B,14,70,1
2014,SPS9D8,1916605/1,Bachelor of Arts with Honours in Business Studies and Sports Studies,0,2B,14,70,1
2012,SPS9D8,1711354/1,Bachelor of Arts with Honours in History and Sports Studies,0,2B,14,70,1
2012,SPS9D8,1713531/1,Bachelor of Arts with Honours in Human Resource Management and Sports Studies,0,2B,14,70,1
2011,SPS9D8,1611285/1,Bachelor of Arts with Honours in Journalism Studies and Sports Studies,0,2B,14,70,1
2013,SPS9D4,2017347/1,Bachelor of Arts with Honours in Marketing and Sports Studies,0,2B,14,70,1
2013,SPS9C5,1912204/1,Bachelor of Arts with Honours in Psychology and Sports Studies,0,2B,14,70,1
2013,SPS9C5,1921319/1,Bachelor of Arts with Honours in Psychology and Sports Studies,0,2B,14,70,1
2013,SPS9C5,1911557/1,Bachelor of Arts with Honours in Psychology and Sports Studies,0,2B,14,70,1
2012,SPS9D8,1718087/1,Bachelor of Arts with Honours in Psychology and Sports Studies,0,2B,14,70,1
2013,SPS9D8,1812838/1,Bachelor of Arts with Honours in Psychology and Sports Studies,0,2B,14,70,1
2014,SPS9D8,1926973/1,Bachelor of Arts with Honours in Psychology and Sports Studies,0,2B,14,70,1
2014,SPS9D8,1814530/1,Bachelor of Arts with Honours in Psychology and Sports Studies,0,2B,14,70,1
2011,SPS9D8,1615207/1,Bachelor of Arts with Honours in Sociology and Sports Studies,0,2B,14,70,1
2014,SPS9D8,1912253/1,Bachelor of Arts with Honours in Sociology and Sports Studies,0,2B,14,70,1
2014,SPS9D4,2119679/1,Bachelor of Arts with Honours in Sports Studies,0,2B,14,70,1
2013,SPS9D4,2122171/1,Bachelor of Arts with Honours in Sports Studies,0,2B,14,70,1
2013,SPS9D4,1928007/2,Bachelor of Arts with Honours in Sports Studies,0,2B,14,70,1
2012,SPS9C5,2018394/1,Bachelor of Arts with Honours in Sports Studies,0,2B,14,70,1
2011,SPS9D6,1717535/1,Bachelor of Arts with Honours in Sports Studies,0,2B,14,70,1
2011,SPS9D6,1714638/1,Bachelor of Arts with Honours in Sports Studies,0,2B,14,70,1
2013,SPS9D6,1916770/1,Bachelor of Arts with Honours in Sports Studies,0,2B,14,70,1
2014,SPS9D6,1814509/1,Bachelor of Arts with Honours in Sports Studies,0,2B,14,70,1
2014,SPS9D6,1921362/1,Bachelor of Arts with Honours in Sports Studies,0,2B,14,70,1
2011,SPS9D8,1718446/1,Bachelor of Arts with Honours in Sports Studies,0,2B,14,70,1
2012,SPS9D8,1712568/1,Bachelor of Arts with Honours in Sports Studies,0,2B,14,70,1
2012,SPS9D8,1716906/1,Bachelor of Arts with Honours in Sports Studies,0,2B,14,70,1
2012,SPS9D8,1714088/1,Bachelor of Arts with Honours in Sports Studies,0,2B,14,70,1
2012,SPS9D8,1717159/1,Bachelor of Arts with Honours in Sports Studies,0,2B,14,70,1
2012,SPS9D8,1612912/1,Bachelor of Arts with Honours in Sports Studies,0,2B,14,70,1
2012,SPS9D8,1213060/1,Bachelor of Arts with Honours in Sports Studies,0,2B,14,70,1
2012,SPS9D8,1713464/1,Bachelor of Arts with Honours in Sports Studies,0,2B,14,70,1
2012,SPS9D8,1725545/1,Bachelor of Arts with Honours in Sports Studies,0,2B,14,70,1
2013,SPS9D8,1815207/1,Bachelor of Arts with Honours in Sports Studies,0,2B,14,70,1
2013,SPS9D8,1821602/1,Bachelor of Arts with Honours in Sports Studies,0,2B,14,70,1
2013,SPS9D8,1314448/1,Bachelor of Arts with Honours in Sports Studies,0,2B,14,70,1
2014,SPS9D8,2018394/1,Bachelor of Arts with Honours in Sports Studies,0,2B,14,70,1
2014,SPS9D8,1913129/1,Bachelor of Arts with Honours in Sports Studies,0,2B,14,70,1
2014,SPS9D8,2019514/1,Bachelor of Arts with Honours in Sports Studies,0,2B,14,70,1
2014,SPS9D8,1919784/1,Bachelor of Arts with Honours in Sports Studies,0,2B,14,70,1
2014,SPS9D8,1913445/1,Bachelor of Arts with Honours in Sports Studies,0,2B,14,70,1
2014,SPS9D8,1912450/1,Bachelor of Arts with Honours in Sports Studies,0,2B,14,70,1
2010,SPS915,1718628/1,Bachelor of Arts with Honours in Sports Studies and Tourism Management,0,2B,14,70,1
2014,SPS9D6,2017409/1,General Degree of Bachelor of Arts (main subject: Sports Studies),0,2B,14,70,1
2012,SPS9D6,1816896/1,General Degree of Bachelor of Science (main subject: Biology),0,2B,14,70,1
2012,SPS9D6,1811339/1,General Degree of Bachelor of Science (main subject: Biology),0,2B,14,70,1
2012,SPS9D6,1815877/1,General Degree of Bachelor of Science (main subject: Biology),0,2B,14,70,1
2013,SPS915,2230881/1,Institutional Credit Non Graduating Study Abroad - Science Without Borders,0,2B,14,70,1
2010,SPS9C5,1925649/1,Institutional Credit Non-graduating UG Reciprocal Exchange Student,0,2B,14,70,1
2014,SPS9D4,2116749/1,Bachelor of Science with Honours in Sport and Exercise Science,1,2B,14,70,1
2014,SPS9D4,2122085/1,Bachelor of Science with Honours in Sport and Exercise Science,1,2B,14,70,1
2014,SPS9D4,2115093/1,Bachelor of Science with Honours in Sport and Exercise Science,1,2B,14,70,1
2014,SPS9D4,2114716/1,Bachelor of Science with Honours in Sport and Exercise Science,1,2B,14,70,1
2014,SPS9D4,2116647/1,Bachelor of Science with Honours in Sport and Exercise Science,1,2B,14,70,1
2014,SPS9D4,2119697/1,Bachelor of Science with Honours in Sport and Exercise Science,1,2B,14,70,1
2013,SPS9D4,1910531/1,Bachelor of Science with Honours in Sport and Exercise Science,1,2B,14,70,1
2013,SPS9D4,1912178/1,Bachelor of Science with Honours in Sport and Exercise Science,1,2B,14,70,1
2013,SPS9D4,1915843/1,Bachelor of Science with Honours in Sport and Exercise Science,1,2B,14,70,1
2011,SPS915,1817918/1,Bachelor of Science with Honours in Sport and Exercise Science,1,2B,14,70,1
2013,SPS915,2017620/1,Bachelor of Science with Honours in Sport and Exercise Science,1,2B,14,70,1
2013,SPS915,2013588/1,Bachelor of Science with Honours in Sport and Exercise Science,1,2B,14,70,1
2010,SPS9C5,1715065/1,Bachelor of Science with Honours in Sport and Exercise Science,1,2B,14,70,1
2010,SPS9C5,1710992/1,Bachelor of Science with Honours in Sport and Exercise Science,1,2B,14,70,1
2011,SPS9C5,1817918/1,Bachelor of Science with Honours in Sport and Exercise Science,1,2B,14,70,1
2012,SPS9C5,1912218/1,Bachelor of Science with Honours in Sport and Exercise Science,1,2B,14,70,1
2012,SPS9C5,1913814/1,Bachelor of Science with Honours in Sport and Exercise Science,1,2B,14,70,1
2012,SPS9C5,1818229/1,Bachelor of Science with Honours in Sport and Exercise Science,1,2B,14,70,1
2013,SPS9C5,1912178/1,Bachelor of Science with Honours in Sport and Exercise Science,1,2B,14,70,1
2013,SPS9C5,2012191/1,Bachelor of Science with Honours in Sport and Exercise Science,1,2B,14,70,1
2011,SPS9D6,1622670/1,Bachelor of Science with Honours in Sport and Exercise Science,1,2B,14,70,1
2011,SPS9D6,1210599/1,Bachelor of Science with Honours in Sport and Exercise Science,1,2B,14,70,1
2012,SPS9D6,1816330/1,Bachelor of Science with Honours in Sport and Exercise Science,1,2B,14,70,1
2012,SPS9D6,1810323/1,Bachelor of Science with Honours in Sport and Exercise Science,1,2B,14,70,1
2013,SPS9D6,1918393/1,Bachelor of Science with Honours in Sport and Exercise Science,1,2B,14,70,1
2013,SPS9D6,1913716/1,Bachelor of Science with Honours in Sport and Exercise Science,1,2B,14,70,1
2013,SPS9D6,1818246/1,Bachelor of Science with Honours in Sport and Exercise Science,1,2B,14,70,1
2014,SPS9D6,1915843/1,Bachelor of Science with Honours in Sport and Exercise Science,1,2B,14,70,1
2014,SPS9D6,2011411/1,Bachelor of Science with Honours in Sport and Exercise Science,1,2B,14,70,1
2011,SPS9D8,1610519/1,Bachelor of Science with Honours in Sport and Exercise Science,1,2B,14,70,1
2012,SPS9D8,1712315/1,Bachelor of Science with Honours in Sport and Exercise Science,1,2B,14,70,1
2013,SPS9D8,1810817/1,Bachelor of Science with Honours in Sport and Exercise Science,1,2B,14,70,1
2014,SPS9D8,1919311/1,Bachelor of Science with Honours in Sport and Exercise Science,1,2B,14,70,1
2014,SPS9D8,1918099/1,Bachelor of Science with Honours in Sport and Exercise Science,1,2B,14,70,1
2014,SPS9D8,1915850/1,Bachelor of Science with Honours in Sport and Exercise Science,1,2B,14,70,1
2014,SPS9D8,1912429/1,Bachelor of Science with Honours in Sport and Exercise Science,1,2B,14,70,1
2013,SPS915,2021394/1,Bachelor of Arts in Sports Studies,0,2C,13,65,0
2011,SPS9D6,1716214/1,Bachelor of Arts in Sports Studies,0,2C,13,65,0
2013,SPS9D6,1914427/1,Bachelor of Arts in Sports Studies,0,2C,13,65,0
2014,SPS9D6,2018219/1,Bachelor of Arts in Sports Studies,0,2C,13,65,0
2014,SPS9D6,2014234/1,Bachelor of Arts in Sports Studies,0,2C,13,65,0
2013,SPS9D8,1820876/1,Bachelor of Arts with Honours in Business Studies and Sports Studies,0,2C,13,65,0
2014,SPS9D8,1714725/1,Bachelor of Arts with Honours in History and Sports Studies,0,2C,13,65,0
2013,SPS9D8,1815991/1,Bachelor of Arts with Honours in Journalism Studies and Sports Studies,0,2C,13,65,0
2014,SPS9D8,1913461/1,Bachelor of Arts with Honours in Journalism Studies and Sports Studies,0,2C,13,65,0
2014,SPS9D8,1914667/1,Bachelor of Arts with Honours in Journalism Studies and Sports Studies,0,2C,13,65,0
2011,SPS9D8,1614893/1,Bachelor of Arts with Honours in Law and Sports Studies,0,2C,13,65,0
2013,SPS9C5,2017347/1,Bachelor of Arts with Honours in Marketing and Sports Studies,0,2C,13,65,0
2014,SPS9D8,1811010/1,Bachelor of Arts with Honours in Marketing and Sports Studies,0,2C,13,65,0
2012,SPS9C5,1912292/1,Bachelor of Arts with Honours in Psychology and Sports Studies,0,2C,13,65,0
2011,SPS9D8,1611720/1,Bachelor of Arts with Honours in Psychology and Sports Studies,0,2C,13,65,0
2012,SPS9D8,1724305/1,Bachelor of Arts with Honours in Psychology and Sports Studies,0,2C,13,65,0
2013,SPS9D8,1822244/1,Bachelor of Arts with Honours in Psychology and Sports Studies,0,2C,13,65,0
2013,SPS9D8,1816360/1,Bachelor of Arts with Honours in Psychology and Sports Studies,0,2C,13,65,0
2014,SPS9D8,1916753/1,Bachelor of Arts with Honours in Psychology and Sports Studies,0,2C,13,65,0
2014,SPS9D4,2112777/1,Bachelor of Arts with Honours in Sports Studies,0,2C,13,65,0
2014,SPS9D4,2114923/1,Bachelor of Arts with Honours in Sports Studies,0,2C,13,65,0
2014,SPS9D4,1918619/2,Bachelor of Arts with Honours in Sports Studies,0,2C,13,65,0
2014,SPS9D4,2117215/1,Bachelor of Arts with Honours in Sports Studies,0,2C,13,65,0
2013,SPS9D4,2016296/1,Bachelor of Arts with Honours in Sports Studies,0,2C,13,65,0
2013,SPS9D4,1814509/1,Bachelor of Arts with Honours in Sports Studies,0,2C,13,65,0
2012,SPS9C5,1913799/1,Bachelor of Arts with Honours in Sports Studies,0,2C,13,65,0
2013,SPS9C5,2122171/1,Bachelor of Arts with Honours in Sports Studies,0,2C,13,65,0
2013,SPS9C5,1814509/1,Bachelor of Arts with Honours in Sports Studies,0,2C,13,65,0
2011,SPS9D6,1813965/1,Bachelor of Arts with Honours in Sports Studies,0,2C,13,65,0
2014,SPS9D6,1912191/1,Bachelor of Arts with Honours in Sports Studies,0,2C,13,65,0
2011,SPS9D8,1613970/1,Bachelor of Arts with Honours in Sports Studies,0,2C,13,65,0
2011,SPS9D8,1615537/1,Bachelor of Arts with Honours in Sports Studies,0,2C,13,65,0
2011,SPS9D8,1515461/1,Bachelor of Arts with Honours in Sports Studies,0,2C,13,65,0
2011,SPS9D8,1518140/1,Bachelor of Arts with Honours in Sports Studies,0,2C,13,65,0
2011,SPS9D8,1613504/1,Bachelor of Arts with Honours in Sports Studies,0,2C,13,65,0
2011,SPS9D8,1617371/1,Bachelor of Arts with Honours in Sports Studies,0,2C,13,65,0
2011,SPS9D8,1612532/1,Bachelor of Arts with Honours in Sports Studies,0,2C,13,65,0
2011,SPS9D8,1517116/1,Bachelor of Arts with Honours in Sports Studies,0,2C,13,65,0
2012,SPS9D8,1715793/1,Bachelor of Arts with Honours in Sports Studies,0,2C,13,65,0
2012,SPS9D8,1713711/1,Bachelor of Arts with Honours in Sports Studies,0,2C,13,65,0
2012,SPS9D8,1715326/1,Bachelor of Arts with Honours in Sports Studies,0,2C,13,65,0
2012,SPS9D8,1712727/1,Bachelor of Arts with Honours in Sports Studies,0,2C,13,65,0
2012,SPS9D8,1723686/1,Bachelor of Arts with Honours in Sports Studies,0,2C,13,65,0
2012,SPS9D8,1711259/1,Bachelor of Arts with Honours in Sports Studies,0,2C,13,65,0
2012,SPS9D8,1818297/1,Bachelor of Arts with Honours in Sports Studies,0,2C,13,65,0
2012,SPS9D8,1818333/1,Bachelor of Arts with Honours in Sports Studies,0,2C,13,65,0
2013,SPS9D8,1815591/1,Bachelor of Arts with Honours in Sports Studies,0,2C,13,65,0
2013,SPS9D8,1616910/1,Bachelor of Arts with Honours in Sports Studies,0,2C,13,65,0
2013,SPS9D8,1814091/1,Bachelor of Arts with Honours in Sports Studies,0,2C,13,65,0
2013,SPS9D8,1811158/1,Bachelor of Arts with Honours in Sports Studies,0,2C,13,65,0
2013,SPS9D8,1820345/1,Bachelor of Arts with Honours in Sports Studies,0,2C,13,65,0
2014,SPS9D8,1916652/1,Bachelor of Arts with Honours in Sports Studies,0,2C,13,65,0
2014,SPS9D8,1922006/1,Bachelor of Arts with Honours in Sports Studies,0,2C,13,65,0
2014,SPS9D8,1818277/1,Bachelor of Arts with Honours in Sports Studies,0,2C,13,65,0
2014,SPS9D8,1912301/1,Bachelor of Arts with Honours in Sports Studies,0,2C,13,65,0
2014,SPS9D8,1911388/1,Bachelor of Arts with Honours in Sports Studies,0,2C,13,65,0
2014,SPS9D8,1914729/1,Bachelor of Arts with Honours in Sports Studies,0,2C,13,65,0
2014,SPS9D8,1912199/1,Bachelor of Arts with Honours in Sports Studies,0,2C,13,65,0
2013,SPS9D4,2019200/1,Bachelor of Science in Mathematics and its Applications,0,2C,13,65,0
2011,SPS9D8,1617529/1,Bachelor of Science with Honours in Computing Science and Sports Studies,0,2C,13,65,0
2013,SPS9D4,2017409/1,General Degree of Bachelor of Arts (main subject: Sports Studies),0,2C,13,65,0
2011,SPS9D6,1932696/1,Institutional Credit Credit Bearing UG Student,0,2C,13,65,0
2012,SPS9D6,2033477/1,Institutional Credit Non-graduating UG Exchange Student,0,2C,13,65,0
2014,SPS9D4,2122682/1,Bachelor of Science with Honours in Sport and Exercise Science,1,2C,13,65,0
2014,SPS9D4,2119898/1,Bachelor of Science with Honours in Sport and Exercise Science,1,2C,13,65,0
2014,SPS9D4,2110608/1,Bachelor of Science with Honours in Sport and Exercise Science,1,2C,13,65,0
2014,SPS9D4,2124520/1,Bachelor of Science with Honours in Sport and Exercise Science,1,2C,13,65,0
2014,SPS9D4,2120934/1,Bachelor of Science with Honours in Sport and Exercise Science,1,2C,13,65,0
2014,SPS9D4,2124272/1,Bachelor of Science with Honours in Sport and Exercise Science,1,2C,13,65,0
2014,SPS9D4,2119365/1,Bachelor of Science with Honours in Sport and Exercise Science,1,2C,13,65,0
2014,SPS9D4,2121240/1,Bachelor of Science with Honours in Sport and Exercise Science,1,2C,13,65,0
2013,SPS9D4,2011411/1,Bachelor of Science with Honours in Sport and Exercise Science,1,2C,13,65,0
2010,SPS915,1715065/1,Bachelor of Science with Honours in Sport and Exercise Science,1,2C,13,65,0
2012,SPS915,1918983/1,Bachelor of Science with Honours in Sport and Exercise Science,1,2C,13,65,0
2012,SPS915,1818246/1,Bachelor of Science with Honours in Sport and Exercise Science,1,2C,13,65,0
2013,SPS915,1912178/1,Bachelor of Science with Honours in Sport and Exercise Science,1,2C,13,65,0
2013,SPS915,2014171/1,Bachelor of Science with Honours in Sport and Exercise Science,1,2C,13,65,0
2012,SPS9C5,1916122/1,Bachelor of Science with Honours in Sport and Exercise Science,1,2C,13,65,0
2012,SPS9C5,1918983/1,Bachelor of Science with Honours in Sport and Exercise Science,1,2C,13,65,0
2012,SPS9C5,1818246/1,Bachelor of Science with Honours in Sport and Exercise Science,1,2C,13,65,0
2012,SPS9C5,1911737/1,Bachelor of Science with Honours in Sport and Exercise Science,1,2C,13,65,0
2012,SPS9C5,1918573/1,Bachelor of Science with Honours in Sport and Exercise Science,1,2C,13,65,0
2012,SPS9C5,1914731/1,Bachelor of Science with Honours in Sport and Exercise Science,1,2C,13,65,0
2013,SPS9C5,2017620/1,Bachelor of Science with Honours in Sport and Exercise Science,1,2C,13,65,0
2013,SPS9C5,2013588/1,Bachelor of Science with Honours in Sport and Exercise Science,1,2C,13,65,0
2013,SPS9C5,1916586/1,Bachelor of Science with Honours in Sport and Exercise Science,1,2C,13,65,0
2011,SPS9D6,1717358/1,Bachelor of Science with Honours in Sport and Exercise Science,1,2C,13,65,0
2011,SPS9D6,1825216/1,Bachelor of Science with Honours in Sport and Exercise Science,1,2C,13,65,0
2012,SPS9D6,1812087/1,Bachelor of Science with Honours in Sport and Exercise Science,1,2C,13,65,0
2012,SPS9D6,1811431/1,Bachelor of Science with Honours in Sport and Exercise Science,1,2C,13,65,0
2012,SPS9D6,1810817/1,Bachelor of Science with Honours in Sport and Exercise Science,1,2C,13,65,0
2012,SPS9D6,1813444/1,Bachelor of Science with Honours in Sport and Exercise Science,1,2C,13,65,0
2012,SPS9D6,1814367/1,Bachelor of Science with Honours in Sport and Exercise Science,1,2C,13,65,0
2012,SPS9D6,1814025/1,Bachelor of Science with Honours in Sport and Exercise Science,1,2C,13,65,0
2012,SPS9D6,1814228/1,Bachelor of Science with Honours in Sport and Exercise Science,1,2C,13,65,0
2013,SPS9D6,1913182/1,Bachelor of Science with Honours in Sport and Exercise Science,1,2C,13,65,0
2013,SPS9D6,1917784/1,Bachelor of Science with Honours in Sport and Exercise Science,1,2C,13,65,0
2013,SPS9D6,1912218/1,Bachelor of Science with Honours in Sport and Exercise Science,1,2C,13,65,0
2013,SPS9D6,1916122/1,Bachelor of Science with Honours in Sport and Exercise Science,1,2C,13,65,0
2013,SPS9D6,2131530/1,Bachelor of Science with Honours in Sport and Exercise Science,1,2C,13,65,0
2013,SPS9D6,1916368/1,Bachelor of Science with Honours in Sport and Exercise Science,1,2C,13,65,0
2013,SPS9D6,1912429/1,Bachelor of Science with Honours in Sport and Exercise Science,1,2C,13,65,0
2013,SPS9D6,1911737/1,Bachelor of Science with Honours in Sport and Exercise Science,1,2C,13,65,0
2013,SPS9D6,1918573/1,Bachelor of Science with Honours in Sport and Exercise Science,1,2C,13,65,0
2013,SPS9D6,1914731/1,Bachelor of Science with Honours in Sport and Exercise Science,1,2C,13,65,0
2014,SPS9D6,2013588/1,Bachelor of Science with Honours in Sport and Exercise Science,1,2C,13,65,0
2014,SPS9D6,2015951/1,Bachelor of Science with Honours in Sport and Exercise Science,1,2C,13,65,0
2011,SPS9D8,1614431/1,Bachelor of Science with Honours in Sport and Exercise Science,1,2C,13,65,0
2011,SPS9D8,1612898/1,Bachelor of Science with Honours in Sport and Exercise Science,1,2C,13,65,0
2012,SPS9D8,1712213/1,Bachelor of Science with Honours in Sport and Exercise Science,1,2C,13,65,0
2012,SPS9D8,1710992/1,Bachelor of Science with Honours in Sport and Exercise Science,1,2C,13,65,0
2013,SPS9D8,1816330/1,Bachelor of Science with Honours in Sport and Exercise Science,1,2C,13,65,0
2013,SPS9D8,1812087/1,Bachelor of Science with Honours in Sport and Exercise Science,1,2C,13,65,0
2014,SPS9D8,1913182/1,Bachelor of Science with Honours in Sport and Exercise Science,1,2C,13,65,0
2014,SPS9D8,1917784/1,Bachelor of Science with Honours in Sport and Exercise Science,1,2C,13,65,0
2014,SPS9D8,1912218/1,Bachelor of Science with Honours in Sport and Exercise Science,1,2C,13,65,0
2014,SPS9D8,1916199/1,Bachelor of Science with Honours in Sport and Exercise Science,1,2C,13,65,0
2014,SPS9D8,1918393/1,Bachelor of Science with Honours in Sport and Exercise Science,1,2C,13,65,0
2014,SPS9D8,1927267/1,Bachelor of Science with Honours in Sport and Exercise Science,1,2C,13,65,0
2014,SPS9D8,1918573/1,Bachelor of Science with Honours in Sport and Exercise Science,1,2C,13,65,0
2014,SPS9D8,1811155/1,Bachelor of Science with Honours in Sport and Exercise Science,1,2C,13,65,0
2013,SPS9D4,2010956/1,Bachelor of Arts in Sports Studies,0,2D,12,60,0
2013,SPS9D4,2018459/1,Bachelor of Arts in Sports Studies,0,2D,12,60,0
2012,SPS915,1914427/1,Bachelor of Arts in Sports Studies,0,2D,12,60,0
2011,SPS9C5,1615304/1,Bachelor of Arts in Sports Studies,0,2D,12,60,0
2013,SPS9C5,2010956/1,Bachelor of Arts in Sports Studies,0,2D,12,60,0
2013,SPS9C5,2014234/1,Bachelor of Arts in Sports Studies,0,2D,12,60,0
2013,SPS9C5,2021394/1,Bachelor of Arts in Sports Studies,0,2D,12,60,0
2011,SPS9D6,1717067/1,Bachelor of Arts in Sports Studies,0,2D,12,60,0
2012,SPS9D6,1821212/1,Bachelor of Arts in Sports Studies,0,2D,12,60,0
2013,SPS9D6,1917042/1,Bachelor of Arts in Sports Studies,0,2D,12,60,0
2014,SPS9D8,1918590/1,Bachelor of Arts with Honours in Business Studies and Sports Studies,0,2D,12,60,0
2014,SPS9D8,1914149/1,Bachelor of Arts with Honours in Business Studies and Sports Studies,0,2D,12,60,0
2014,SPS9D8,1917311/1,Bachelor of Arts with Honours in Journalism Studies and Sports Studies,0,2D,12,60,0
2012,SPS9C5,1916836/1,Bachelor of Arts with Honours in Psychology and Sports Studies,0,2D,12,60,0
2012,SPS9C5,1913648/1,Bachelor of Arts with Honours in Psychology and Sports Studies,0,2D,12,60,0
2012,SPS9C5,1815608/1,Bachelor of Arts with Honours in Psychology and Sports Studies,0,2D,12,60,0
2013,SPS9C5,2016882/1,Bachelor of Arts with Honours in Psychology and Sports Studies,0,2D,12,60,0
2013,SPS9C5,2020691/1,Bachelor of Arts with Honours in Psychology and Sports Studies,0,2D,12,60,0
2013,SPS9C5,2021395/1,Bachelor of Arts with Honours in Psychology and Sports Studies,0,2D,12,60,0
2011,SPS9D8,1615200/1,Bachelor of Arts with Honours in Psychology and Sports Studies,0,2D,12,60,0
2012,SPS9D8,1716631/1,Bachelor of Arts with Honours in Psychology and Sports Studies,0,2D,12,60,0
2012,SPS9D8,1714458/1,Bachelor of Arts with Honours in Psychology and Sports Studies,0,2D,12,60,0
2014,SPS9D4,2110291/1,Bachelor of Arts with Honours in Sports Studies,0,2D,12,60,0
2014,SPS9D4,2216078/1,Bachelor of Arts with Honours in Sports Studies,0,2D,12,60,0
2013,SPS9D4,2012954/1,Bachelor of Arts with Honours in Sports Studies,0,2D,12,60,0
2010,SPS915,1715326/1,Bachelor of Arts with Honours in Sports Studies,0,2D,12,60,0
2010,SPS915,1813965/1,Bachelor of Arts with Honours in Sports Studies,0,2D,12,60,0
2012,SPS915,1916652/1,Bachelor of Arts with Honours in Sports Studies,0,2D,12,60,0
2012,SPS915,1919063/1,Bachelor of Arts with Honours in Sports Studies,0,2D,12,60,0
2010,SPS9C5,1714088/1,Bachelor of Arts with Honours in Sports Studies,0,2D,12,60,0
2010,SPS9C5,1714638/1,Bachelor of Arts with Honours in Sports Studies,0,2D,12,60,0
2010,SPS9C5,1712727/1,Bachelor of Arts with Honours in Sports Studies,0,2D,12,60,0
2010,SPS9C5,1714176/1,Bachelor of Arts with Honours in Sports Studies,0,2D,12,60,0
2012,SPS9C5,1916770/1,Bachelor of Arts with Honours in Sports Studies,0,2D,12,60,0
2012,SPS9C5,1914729/1,Bachelor of Arts with Honours in Sports Studies,0,2D,12,60,0
2013,SPS9C5,1912191/1,Bachelor of Arts with Honours in Sports Studies,0,2D,12,60,0
2011,SPS9D6,1715326/1,Bachelor of Arts with Honours in Sports Studies,0,2D,12,60,0
2011,SPS9D6,1713717/1,Bachelor of Arts with Honours in Sports Studies,0,2D,12,60,0
2012,SPS9D6,1817756/1,Bachelor of Arts with Honours in Sports Studies,0,2D,12,60,0
2012,SPS9D6,1815327/1,Bachelor of Arts with Honours in Sports Studies,0,2D,12,60,0
2012,SPS9D6,1818208/1,Bachelor of Arts with Honours in Sports Studies,0,2D,12,60,0
2011,SPS9D8,1516085/1,Bachelor of Arts with Honours in Sports Studies,0,2D,12,60,0
2011,SPS9D8,1614762/1,Bachelor of Arts with Honours in Sports Studies,0,2D,12,60,0
2011,SPS9D8,1615074/1,Bachelor of Arts with Honours in Sports Studies,0,2D,12,60,0
2011,SPS9D8,1612977/1,Bachelor of Arts with Honours in Sports Studies,0,2D,12,60,0
2011,SPS9D8,1610861/1,Bachelor of Arts with Honours in Sports Studies,0,2D,12,60,0
2011,SPS9D8,1616796/1,Bachelor of Arts with Honours in Sports Studies,0,2D,12,60,0
2012,SPS9D8,1714899/1,Bachelor of Arts with Honours in Sports Studies,0,2D,12,60,0
2012,SPS9D8,1615029/1,Bachelor of Arts with Honours in Sports Studies,0,2D,12,60,0
2012,SPS9D8,1714920/1,Bachelor of Arts with Honours in Sports Studies,0,2D,12,60,0
2012,SPS9D8,1716107/1,Bachelor of Arts with Honours in Sports Studies,0,2D,12,60,0
2012,SPS9D8,1711445/1,Bachelor of Arts with Honours in Sports Studies,0,2D,12,60,0
2012,SPS9D8,1713885/1,Bachelor of Arts with Honours in Sports Studies,0,2D,12,60,0
2012,SPS9D8,1717154/1,Bachelor of Arts with Honours in Sports Studies,0,2D,12,60,0
2012,SPS9D8,1617958/1,Bachelor of Arts with Honours in Sports Studies,0,2D,12,60,0
2013,SPS9D8,1814005/1,Bachelor of Arts with Honours in Sports Studies,0,2D,12,60,0
2013,SPS9D8,1815113/1,Bachelor of Arts with Honours in Sports Studies,0,2D,12,60,0
2013,SPS9D8,1810620/1,Bachelor of Arts with Honours in Sports Studies,0,2D,12,60,0
2013,SPS9D8,1814274/1,Bachelor of Arts with Honours in Sports Studies,0,2D,12,60,0
2013,SPS9D8,1813596/1,Bachelor of Arts with Honours in Sports Studies,0,2D,12,60,0
2013,SPS9D8,1918445/1,Bachelor of Arts with Honours in Sports Studies,0,2D,12,60,0
2013,SPS9D8,1817780/1,Bachelor of Arts with Honours in Sports Studies,0,2D,12,60,0
2013,SPS9D8,1513656/1,Bachelor of Arts with Honours in Sports Studies,0,2D,12,60,0
2013,SPS9D8,1813468/1,Bachelor of Arts with Honours in Sports Studies,0,2D,12,60,0
2014,SPS9D8,1913642/1,Bachelor of Arts with Honours in Sports Studies,0,2D,12,60,0
2014,SPS9D8,1917937/1,Bachelor of Arts with Honours in Sports Studies,0,2D,12,60,0
2014,SPS9D8,1911182/1,Bachelor of Arts with Honours in Sports Studies,0,2D,12,60,0
2014,SPS9D8,1814076/1,Bachelor of Arts with Honours in Sports Studies,0,2D,12,60,0
2014,SPS9D8,2020346/1,Bachelor of Arts with Honours in Sports Studies,0,2D,12,60,0
2010,SPS9C5,1718628/1,Bachelor of Arts with Honours in Sports Studies and Tourism Management,0,2D,12,60,0
2011,SPS9D8,1622081/1,Bachelor of Arts with Honours in Sports Studies and Tourism Management,0,2D,12,60,0
2012,SPS9D8,1711361/1,Bachelor of Arts with Honours in Sports Studies and Tourism Management,0,2D,12,60,0
2012,SPS9C5,1917353/1,General Degree of Bachelor of Arts (main subject: Sports Studies),0,2D,12,60,0
2013,SPS9D6,1920454/1,General Degree of Bachelor of Arts (main subject: Sports Studies),0,2D,12,60,0
2011,SPS9C5,1816896/1,General Degree of Bachelor of Science (main subject: Biology),0,2D,12,60,0
2012,SPS9D6,2033426/1,Institutional Credit Non Graduating Study Abroad,0,2D,12,60,0
2013,SPS9C5,2230881/1,Institutional Credit Non Graduating Study Abroad - Science Without Borders,0,2D,12,60,0
2014,SPS9D6,2230881/1,Institutional Credit Non Graduating Study Abroad - Science Without Borders,0,2D,12,60,0
2014,SPS9D4,2116686/1,Bachelor of Science with Honours in Sport and Exercise Science,1,2D,12,60,0
2014,SPS9D4,2114989/1,Bachelor of Science with Honours in Sport and Exercise Science,1,2D,12,60,0
2014,SPS9D4,2116554/1,Bachelor of Science with Honours in Sport and Exercise Science,1,2D,12,60,0
2014,SPS9D4,2112337/1,Bachelor of Science with Honours in Sport and Exercise Science,1,2D,12,60,0
2014,SPS9D4,2117195/1,Bachelor of Science with Honours in Sport and Exercise Science,1,2D,12,60,0
2013,SPS9D4,2015951/1,Bachelor of Science with Honours in Sport and Exercise Science,1,2D,12,60,0
2013,SPS9D4,2014323/1,Bachelor of Science with Honours in Sport and Exercise Science,1,2D,12,60,0
2011,SPS915,1815063/1,Bachelor of Science with Honours in Sport and Exercise Science,1,2D,12,60,0
2011,SPS915,1810817/1,Bachelor of Science with Honours in Sport and Exercise Science,1,2D,12,60,0
2011,SPS915,1814367/1,Bachelor of Science with Honours in Sport and Exercise Science,1,2D,12,60,0
2012,SPS915,1810308/1,Bachelor of Science with Honours in Sport and Exercise Science,1,2D,12,60,0
2012,SPS915,1917784/1,Bachelor of Science with Honours in Sport and Exercise Science,1,2D,12,60,0
2012,SPS915,1918099/1,Bachelor of Science with Honours in Sport and Exercise Science,1,2D,12,60,0
2012,SPS915,1915850/1,Bachelor of Science with Honours in Sport and Exercise Science,1,2D,12,60,0
2012,SPS915,1918393/1,Bachelor of Science with Honours in Sport and Exercise Science,1,2D,12,60,0
2012,SPS915,1816513/1,Bachelor of Science with Honours in Sport and Exercise Science,1,2D,12,60,0
2012,SPS915,1913814/1,Bachelor of Science with Honours in Sport and Exercise Science,1,2D,12,60,0
2012,SPS915,1918573/1,Bachelor of Science with Honours in Sport and Exercise Science,1,2D,12,60,0
2013,SPS915,2019450/1,Bachelor of Science with Honours in Sport and Exercise Science,1,2D,12,60,0
2013,SPS915,1915843/1,Bachelor of Science with Honours in Sport and Exercise Science,1,2D,12,60,0
2011,SPS9C5,1815063/1,Bachelor of Science with Honours in Sport and Exercise Science,1,2D,12,60,0
2012,SPS9C5,1917968/1,Bachelor of Science with Honours in Sport and Exercise Science,1,2D,12,60,0
2012,SPS9C5,1916453/1,Bachelor of Science with Honours in Sport and Exercise Science,1,2D,12,60,0
2012,SPS9C5,1913590/1,Bachelor of Science with Honours in Sport and Exercise Science,1,2D,12,60,0
2012,SPS9C5,1913182/1,Bachelor of Science with Honours in Sport and Exercise Science,1,2D,12,60,0
2012,SPS9C5,1917784/1,Bachelor of Science with Honours in Sport and Exercise Science,1,2D,12,60,0
2012,SPS9C5,1916199/1,Bachelor of Science with Honours in Sport and Exercise Science,1,2D,12,60,0
2012,SPS9C5,1913123/1,Bachelor of Science with Honours in Sport and Exercise Science,1,2D,12,60,0
2012,SPS9C5,1916384/1,Bachelor of Science with Honours in Sport and Exercise Science,1,2D,12,60,0
2012,SPS9C5,1918099/1,Bachelor of Science with Honours in Sport and Exercise Science,1,2D,12,60,0
2012,SPS9C5,1918393/1,Bachelor of Science with Honours in Sport and Exercise Science,1,2D,12,60,0
2012,SPS9C5,2131530/1,Bachelor of Science with Honours in Sport and Exercise Science,1,2D,12,60,0
2012,SPS9C5,1914704/1,Bachelor of Science with Honours in Sport and Exercise Science,1,2D,12,60,0
2013,SPS9C5,1915843/1,Bachelor of Science with Honours in Sport and Exercise Science,1,2D,12,60,0
2011,SPS9D6,1712315/1,Bachelor of Science with Honours in Sport and Exercise Science,1,2D,12,60,0
2011,SPS9D6,1712213/1,Bachelor of Science with Honours in Sport and Exercise Science,1,2D,12,60,0
2012,SPS9D6,1812886/1,Bachelor of Science with Honours in Sport and Exercise Science,1,2D,12,60,0
2013,SPS9D6,1917968/1,Bachelor of Science with Honours in Sport and Exercise Science,1,2D,12,60,0
2013,SPS9D6,1916453/1,Bachelor of Science with Honours in Sport and Exercise Science,1,2D,12,60,0
2013,SPS9D6,1916199/1,Bachelor of Science with Honours in Sport and Exercise Science,1,2D,12,60,0
2013,SPS9D6,1913123/1,Bachelor of Science with Honours in Sport and Exercise Science,1,2D,12,60,0
2013,SPS9D6,1916384/1,Bachelor of Science with Honours in Sport and Exercise Science,1,2D,12,60,0
2013,SPS9D6,1918099/1,Bachelor of Science with Honours in Sport and Exercise Science,1,2D,12,60,0
2013,SPS9D6,1918983/1,Bachelor of Science with Honours in Sport and Exercise Science,1,2D,12,60,0
2013,SPS9D6,1927267/1,Bachelor of Science with Honours in Sport and Exercise Science,1,2D,12,60,0
2013,SPS9D6,1914704/1,Bachelor of Science with Honours in Sport and Exercise Science,1,2D,12,60,0
2013,SPS9D6,1816513/1,Bachelor of Science with Honours in Sport and Exercise Science,1,2D,12,60,0
2011,SPS9D8,1515701/1,Bachelor of Science with Honours in Sport and Exercise Science,1,2D,12,60,0
2011,SPS9D8,1614974/1,Bachelor of Science with Honours in Sport and Exercise Science,1,2D,12,60,0
2011,SPS9D8,1614069/1,Bachelor of Science with Honours in Sport and Exercise Science,1,2D,12,60,0
2013,SPS9D8,1814228/1,Bachelor of Science with Honours in Sport and Exercise Science,1,2D,12,60,0
2014,SPS9D8,1916453/1,Bachelor of Science with Honours in Sport and Exercise Science,1,2D,12,60,0
2014,SPS9D8,1913590/1,Bachelor of Science with Honours in Sport and Exercise Science,1,2D,12,60,0
2014,SPS9D8,1916384/1,Bachelor of Science with Honours in Sport and Exercise Science,1,2D,12,60,0
2014,SPS9D8,2131530/1,Bachelor of Science with Honours in Sport and Exercise Science,1,2D,12,60,0
2014,SPS9D8,1914704/1,Bachelor of Science with Honours in Sport and Exercise Science,1,2D,12,60,0
2014,SPS9D8,1911737/1,Bachelor of Science with Honours in Sport and Exercise Science,1,2D,12,60,0
2013,SPS9D4,2020432/1,Bachelor of Arts in Sports Studies,0,2E,11,55,0
2013,SPS9D4,2014234/1,Bachelor of Arts in Sports Studies,0,2E,11,55,0
2013,SPS9D4,2122802/1,Bachelor of Arts in Sports Studies,0,2E,11,55,0
2012,SPS915,1917042/1,Bachelor of Arts in Sports Studies,0,2E,11,55,0
2010,SPS9C5,1816042/1,Bachelor of Arts in Sports Studies,0,2E,11,55,0
2011,SPS9C5,1815167/1,Bachelor of Arts in Sports Studies,0,2E,11,55,0
2011,SPS9C5,1821212/1,Bachelor of Arts in Sports Studies,0,2E,11,55,0
2012,SPS9C5,1917042/1,Bachelor of Arts in Sports Studies,0,2E,11,55,0
2012,SPS9C5,1925384/1,Bachelor of Arts in Sports Studies,0,2E,11,55,0
2013,SPS9C5,2019052/1,Bachelor of Arts in Sports Studies,0,2E,11,55,0
2011,SPS9D6,1721937/1,Bachelor of Arts in Sports Studies,0,2E,11,55,0
2011,SPS9D6,1720415/1,Bachelor of Arts in Sports Studies,0,2E,11,55,0
2011,SPS9D6,1715634/1,Bachelor of Arts in Sports Studies,0,2E,11,55,0
2012,SPS9D6,1815261/1,Bachelor of Arts in Sports Studies,0,2E,11,55,0
2013,SPS9D6,1921782/1,Bachelor of Arts in Sports Studies,0,2E,11,55,0
2012,SPS9D8,1711956/1,Bachelor of Arts with Honours in Business Studies and Sports Studies,0,2E,11,55,0
2014,SPS9D8,1920160/1,Bachelor of Arts with Honours in Journalism Studies and Sports Studies,0,2E,11,55,0
2011,SPS915,1817071/1,Bachelor of Arts with Honours in Marketing and Sports Studies,0,2E,11,55,0
2012,SPS9D8,1713748/1,Bachelor of Arts with Honours in Marketing and Sports Studies,0,2E,11,55,0
2012,SPS915,1911049/1,Bachelor of Arts with Honours in Psychology and Sports Studies,0,2E,11,55,0
2012,SPS915,1814530/1,Bachelor of Arts with Honours in Psychology and Sports Studies,0,2E,11,55,0
2012,SPS9C5,1911950/1,Bachelor of Arts with Honours in Psychology and Sports Studies,0,2E,11,55,0
2014,SPS9D4,2020465/1,Bachelor of Arts with Honours in Sports Studies,0,2E,11,55,0
2014,SPS9D4,2110551/1,Bachelor of Arts with Honours in Sports Studies,0,2E,11,55,0
2014,SPS9D4,2122087/1,Bachelor of Arts with Honours in Sports Studies,0,2E,11,55,0
2014,SPS9D4,1611272/1,Bachelor of Arts with Honours in Sports Studies,0,2E,11,55,0
2014,SPS9D4,2111463/1,Bachelor of Arts with Honours in Sports Studies,0,2E,11,55,0
2014,SPS9D4,2014929/1,Bachelor of Arts with Honours in Sports Studies,0,2E,11,55,0
2013,SPS9D4,1814905/1,Bachelor of Arts with Honours in Sports Studies,0,2E,11,55,0
2013,SPS9D4,1916497/1,Bachelor of Arts with Honours in Sports Studies,0,2E,11,55,0
2010,SPS915,1714638/1,Bachelor of Arts with Honours in Sports Studies,0,2E,11,55,0
2010,SPS915,1718934/1,Bachelor of Arts with Honours in Sports Studies,0,2E,11,55,0
2011,SPS915,1813436/1,Bachelor of Arts with Honours in Sports Studies,0,2E,11,55,0
2011,SPS915,1812592/1,Bachelor of Arts with Honours in Sports Studies,0,2E,11,55,0
2012,SPS915,2018394/1,Bachelor of Arts with Honours in Sports Studies,0,2E,11,55,0
2013,SPS915,2012954/1,Bachelor of Arts with Honours in Sports Studies,0,2E,11,55,0
2013,SPS915,2122171/1,Bachelor of Arts with Honours in Sports Studies,0,2E,11,55,0
2010,SPS9C5,1817961/1,Bachelor of Arts with Honours in Sports Studies,0,2E,11,55,0
2010,SPS9C5,1715326/1,Bachelor of Arts with Honours in Sports Studies,0,2E,11,55,0
2010,SPS9C5,1714666/1,Bachelor of Arts with Honours in Sports Studies,0,2E,11,55,0
2010,SPS9C5,1725545/1,Bachelor of Arts with Honours in Sports Studies,0,2E,11,55,0
2011,SPS9C5,1715961/1,Bachelor of Arts with Honours in Sports Studies,0,2E,11,55,0
2011,SPS9C5,1813436/1,Bachelor of Arts with Honours in Sports Studies,0,2E,11,55,0
2012,SPS9C5,1915086/1,Bachelor of Arts with Honours in Sports Studies,0,2E,11,55,0
2012,SPS9C5,2020346/1,Bachelor of Arts with Honours in Sports Studies,0,2E,11,55,0
2011,SPS9D6,1723686/1,Bachelor of Arts with Honours in Sports Studies,0,2E,11,55,0
2013,SPS9D6,2019514/1,Bachelor of Arts with Honours in Sports Studies,0,2E,11,55,0
2011,SPS9D8,1515505/1,Bachelor of Arts with Honours in Sports Studies,0,2E,11,55,0
2011,SPS9D8,1622071/1,Bachelor of Arts with Honours in Sports Studies,0,2E,11,55,0
2011,SPS9D8,1614395/1,Bachelor of Arts with Honours in Sports Studies,0,2E,11,55,0
2011,SPS9D8,1611561/1,Bachelor of Arts with Honours in Sports Studies,0,2E,11,55,0
2011,SPS9D8,1618394/1,Bachelor of Arts with Honours in Sports Studies,0,2E,11,55,0
2011,SPS9D8,1610934/1,Bachelor of Arts with Honours in Sports Studies,0,2E,11,55,0
2012,SPS9D8,1723171/1,Bachelor of Arts with Honours in Sports Studies,0,2E,11,55,0
2012,SPS9D8,1614248/1,Bachelor of Arts with Honours in Sports Studies,0,2E,11,55,0
2012,SPS9D8,1713082/1,Bachelor of Arts with Honours in Sports Studies,0,2E,11,55,0
2012,SPS9D8,1616968/1,Bachelor of Arts with Honours in Sports Studies,0,2E,11,55,0
2012,SPS9D8,1715536/1,Bachelor of Arts with Honours in Sports Studies,0,2E,11,55,0
2012,SPS9D8,1816881/1,Bachelor of Arts with Honours in Sports Studies,0,2E,11,55,0
2013,SPS9D8,1811143/1,Bachelor of Arts with Honours in Sports Studies,0,2E,11,55,0
2013,SPS9D8,1713543/1,Bachelor of Arts with Honours in Sports Studies,0,2E,11,55,0
2013,SPS9D8,1812166/1,Bachelor of Arts with Honours in Sports Studies,0,2E,11,55,0
2013,SPS9D8,1815327/1,Bachelor of Arts with Honours in Sports Studies,0,2E,11,55,0
2013,SPS9D8,1812330/1,Bachelor of Arts with Honours in Sports Studies,0,2E,11,55,0
2013,SPS9D8,1720654/1,Bachelor of Arts with Honours in Sports Studies,0,2E,11,55,0
2013,SPS9D8,1813227/1,Bachelor of Arts with Honours in Sports Studies,0,2E,11,55,0
2013,SPS9D8,1817124/1,Bachelor of Arts with Honours in Sports Studies,0,2E,11,55,0
2014,SPS9D8,1915086/1,Bachelor of Arts with Honours in Sports Studies,0,2E,11,55,0
2014,SPS9D8,2018109/1,Bachelor of Arts with Honours in Sports Studies,0,2E,11,55,0
2014,SPS9D8,2018903/1,Bachelor of Arts with Honours in Sports Studies,0,2E,11,55,0
2014,SPS9D8,1716853/1,Bachelor of Arts with Honours in Sports Studies,0,2E,11,55,0
2014,SPS9D8,1922659/1,Bachelor of Arts with Honours in Sports Studies,0,2E,11,55,0
2010,SPS9C5,1711361/1,Bachelor of Arts with Honours in Sports Studies and Tourism Management,0,2E,11,55,0
2014,SPS9D8,1916838/1,Bachelor of Science with Honours in Computing Science and Sports Studies,0,2E,11,55,0
2014,SPS9D4,1615341/2,General Degree of Bachelor of Arts (main subject: Sports Studies),0,2E,11,55,0
2012,SPS9C5,1920454/1,General Degree of Bachelor of Arts (main subject: Sports Studies),0,2E,11,55,0
2012,SPS9C5,1812092/1,General Degree of Bachelor of Arts (main subject: Sports Studies),0,2E,11,55,0
2012,SPS9D6,1816922/1,General Degree of Bachelor of Arts (main subject: Sports Studies),0,2E,11,55,0
2013,SPS9D6,1812092/1,General Degree of Bachelor of Arts (main subject: Sports Studies),0,2E,11,55,0
2013,SPS9D6,1917353/1,General Degree of Bachelor of Arts (main subject: Sports Studies),0,2E,11,55,0
2011,SPS915,1811339/1,General Degree of Bachelor of Science (main subject: Biology),0,2E,11,55,0
2013,SPS9D6,2133489/1,Institutional Credit Non-graduating UG Exchange Student,0,2E,11,55,0
2014,SPS9D4,2115626/1,Bachelor of Science with Honours in Sport and Exercise Science,1,2E,11,55,0
2014,SPS9D4,2119347/1,Bachelor of Science with Honours in Sport and Exercise Science,1,2E,11,55,0
2014,SPS9D4,2111139/1,Bachelor of Science with Honours in Sport and Exercise Science,1,2E,11,55,0
2013,SPS9D4,2016946/1,Bachelor of Science with Honours in Sport and Exercise Science,1,2E,11,55,0
2010,SPS915,1622670/1,Bachelor of Science with Honours in Sport and Exercise Science,1,2E,11,55,0
2011,SPS915,1810323/1,Bachelor of Science with Honours in Sport and Exercise Science,1,2E,11,55,0
2011,SPS915,1814025/1,Bachelor of Science with Honours in Sport and Exercise Science,1,2E,11,55,0
2012,SPS915,1914704/1,Bachelor of Science with Honours in Sport and Exercise Science,1,2E,11,55,0
2012,SPS915,1916368/1,Bachelor of Science with Honours in Sport and Exercise Science,1,2E,11,55,0
2010,SPS9C5,1717358/1,Bachelor of Science with Honours in Sport and Exercise Science,1,2E,11,55,0
2010,SPS9C5,1712315/1,Bachelor of Science with Honours in Sport and Exercise Science,1,2E,11,55,0
2010,SPS9C5,1825216/1,Bachelor of Science with Honours in Sport and Exercise Science,1,2E,11,55,0
2010,SPS9C5,1210599/1,Bachelor of Science with Honours in Sport and Exercise Science,1,2E,11,55,0
2011,SPS9C5,1816330/1,Bachelor of Science with Honours in Sport and Exercise Science,1,2E,11,55,0
2011,SPS9C5,1811065/1,Bachelor of Science with Honours in Sport and Exercise Science,1,2E,11,55,0
2012,SPS9C5,1915850/1,Bachelor of Science with Honours in Sport and Exercise Science,1,2E,11,55,0
2012,SPS9C5,1927267/1,Bachelor of Science with Honours in Sport and Exercise Science,1,2E,11,55,0
2012,SPS9C5,1912429/1,Bachelor of Science with Honours in Sport and Exercise Science,1,2E,11,55,0
2012,SPS9C5,1912274/1,Bachelor of Science with Honours in Sport and Exercise Science,1,2E,11,55,0
2013,SPS9C5,2019450/1,Bachelor of Science with Honours in Sport and Exercise Science,1,2E,11,55,0
2013,SPS9C5,2014323/1,Bachelor of Science with Honours in Sport and Exercise Science,1,2E,11,55,0
2013,SPS9D6,1915850/1,Bachelor of Science with Honours in Sport and Exercise Science,1,2E,11,55,0
2013,SPS9D6,1918887/1,Bachelor of Science with Honours in Sport and Exercise Science,1,2E,11,55,0
2013,SPS9D6,1912274/1,Bachelor of Science with Honours in Sport and Exercise Science,1,2E,11,55,0
2013,SPS9D8,1818202/1,Bachelor of Science with Honours in Sport and Exercise Science,1,2E,11,55,0
2014,SPS9D8,1913123/1,Bachelor of Science with Honours in Sport and Exercise Science,1,2E,11,55,0
2014,SPS9D8,1918887/1,Bachelor of Science with Honours in Sport and Exercise Science,1,2E,11,55,0
2014,SPS9D8,1912274/1,Bachelor of Science with Honours in Sport and Exercise Science,1,2E,11,55,0
2010,SPS915,1615900/1,Bachelor of Arts in Psychology,0,2F,10,50,0
2014,SPS9D4,0020446/2,Bachelor of Arts in Sports Studies,0,2F,10,50,0
2013,SPS9D4,2018219/1,Bachelor of Arts in Sports Studies,0,2F,10,50,0
2013,SPS9D4,2121890/1,Bachelor of Arts in Sports Studies,0,2F,10,50,0
2013,SPS9D4,2021394/1,Bachelor of Arts in Sports Studies,0,2F,10,50,0
2010,SPS915,1721937/1,Bachelor of Arts in Sports Studies,0,2F,10,50,0
2010,SPS915,1715634/1,Bachelor of Arts in Sports Studies,0,2F,10,50,0
2011,SPS915,1821212/1,Bachelor of Arts in Sports Studies,0,2F,10,50,0
2010,SPS9C5,1721937/1,Bachelor of Arts in Sports Studies,0,2F,10,50,0
2010,SPS9C5,1715697/1,Bachelor of Arts in Sports Studies,0,2F,10,50,0
2010,SPS9C5,1715634/1,Bachelor of Arts in Sports Studies,0,2F,10,50,0
2010,SPS9C5,1719084/1,Bachelor of Arts in Sports Studies,0,2F,10,50,0
2010,SPS9C5,1611210/1,Bachelor of Arts in Sports Studies,0,2F,10,50,0
2011,SPS9C5,1714260/1,Bachelor of Arts in Sports Studies,0,2F,10,50,0
2012,SPS9C5,1913084/1,Bachelor of Arts in Sports Studies,0,2F,10,50,0
2013,SPS9C5,2023693/1,Bachelor of Arts in Sports Studies,0,2F,10,50,0
2013,SPS9C5,1917263/1,Bachelor of Arts in Sports Studies,0,2F,10,50,0
2011,SPS9D6,1714217/1,Bachelor of Arts in Sports Studies,0,2F,10,50,0
2011,SPS9D6,1715697/1,Bachelor of Arts in Sports Studies,0,2F,10,50,0
2013,SPS9D6,1925384/1,Bachelor of Arts in Sports Studies,0,2F,10,50,0
2010,SPS9C5,1610900/1,Bachelor of Arts with Honours in Business Studies and Sports Studies,0,2F,10,50,0
2010,SPS9C5,1711956/1,Bachelor of Arts with Honours in Business Studies and Sports Studies,0,2F,10,50,0
2011,SPS9D8,1612317/1,Bachelor of Arts with Honours in Business Studies and Sports Studies,0,2F,10,50,0
2012,SPS9D8,1711759/1,Bachelor of Arts with Honours in Business Studies and Sports Studies,0,2F,10,50,0
2013,SPS9D8,1814774/1,Bachelor of Arts with Honours in Film & Media and Sports Studies,0,2F,10,50,0
2010,SPS915,1716172/1,Bachelor of Arts with Honours in History and Sports Studies,0,2F,10,50,0
2014,SPS9D8,1927944/1,Bachelor of Arts with Honours in Human Resource Management and Sports Studies,0,2F,10,50,0
2010,SPS9C5,1414513/1,Bachelor of Arts with Honours in Marketing and Sports Studies,0,2F,10,50,0
2010,SPS915,1714458/1,Bachelor of Arts with Honours in Psychology and Sports Studies,0,2F,10,50,0
2012,SPS915,1812269/1,Bachelor of Arts with Honours in Psychology and Sports Studies,0,2F,10,50,0
2013,SPS915,2019583/1,Bachelor of Arts with Honours in Psychology and Sports Studies,0,2F,10,50,0
2010,SPS9C5,1724305/1,Bachelor of Arts with Honours in Psychology and Sports Studies,0,2F,10,50,0
2011,SPS9C5,1717312/1,Bachelor of Arts with Honours in Psychology and Sports Studies,0,2F,10,50,0
2013,SPS9D8,1813918/1,Bachelor of Arts with Honours in Psychology and Sports Studies,0,2F,10,50,0
2014,SPS9D8,1916747/1,Bachelor of Arts with Honours in Psychology and Sports Studies,0,2F,10,50,0
2014,SPS9D4,2116463/1,Bachelor of Arts with Honours in Sports Studies,0,2F,10,50,0
2014,SPS9D4,2119732/1,Bachelor of Arts with Honours in Sports Studies,0,2F,10,50,0
2014,SPS9D4,2015290/1,Bachelor of Arts with Honours in Sports Studies,0,2F,10,50,0
2014,SPS9D4,1919042/1,Bachelor of Arts with Honours in Sports Studies,0,2F,10,50,0
2014,SPS9D4,2118963/1,Bachelor of Arts with Honours in Sports Studies,0,2F,10,50,0
2014,SPS9D4,2113002/1,Bachelor of Arts with Honours in Sports Studies,0,2F,10,50,0
2014,SPS9D4,2121009/1,Bachelor of Arts with Honours in Sports Studies,0,2F,10,50,0
2014,SPS9D4,2118735/1,Bachelor of Arts with Honours in Sports Studies,0,2F,10,50,0
2014,SPS9D4,2220882/1,Bachelor of Arts with Honours in Sports Studies,0,2F,10,50,0
2014,SPS9D4,2126777/1,Bachelor of Arts with Honours in Sports Studies,0,2F,10,50,0
2013,SPS9D4,2020440/1,Bachelor of Arts with Honours in Sports Studies,0,2F,10,50,0
2013,SPS9D4,1921362/1,Bachelor of Arts with Honours in Sports Studies,0,2F,10,50,0
2010,SPS915,1717535/1,Bachelor of Arts with Honours in Sports Studies,0,2F,10,50,0
2010,SPS915,1715793/1,Bachelor of Arts with Honours in Sports Studies,0,2F,10,50,0
2010,SPS915,1818781/1,Bachelor of Arts with Honours in Sports Studies,0,2F,10,50,0
2010,SPS915,1717308/1,Bachelor of Arts with Honours in Sports Studies,0,2F,10,50,0
2011,SPS915,1810861/1,Bachelor of Arts with Honours in Sports Studies,0,2F,10,50,0
2011,SPS915,1817756/1,Bachelor of Arts with Honours in Sports Studies,0,2F,10,50,0
2011,SPS915,1812985/1,Bachelor of Arts with Honours in Sports Studies,0,2F,10,50,0
2011,SPS915,1817494/1,Bachelor of Arts with Honours in Sports Studies,0,2F,10,50,0
2012,SPS915,2019514/1,Bachelor of Arts with Honours in Sports Studies,0,2F,10,50,0
2013,SPS915,1912191/1,Bachelor of Arts with Honours in Sports Studies,0,2F,10,50,0
2013,SPS915,1921362/1,Bachelor of Arts with Honours in Sports Studies,0,2F,10,50,0
2010,SPS9C5,1524468/1,Bachelor of Arts with Honours in Sports Studies,0,2F,10,50,0
2010,SPS9C5,1713464/1,Bachelor of Arts with Honours in Sports Studies,0,2F,10,50,0
2010,SPS9C5,1723686/1,Bachelor of Arts with Honours in Sports Studies,0,2F,10,50,0
2010,SPS9C5,1723173/1,Bachelor of Arts with Honours in Sports Studies,0,2F,10,50,0
2010,SPS9C5,1818781/1,Bachelor of Arts with Honours in Sports Studies,0,2F,10,50,0
2010,SPS9C5,1713717/1,Bachelor of Arts with Honours in Sports Studies,0,2F,10,50,0
2010,SPS9C5,1715536/1,Bachelor of Arts with Honours in Sports Studies,0,2F,10,50,0
2010,SPS9C5,1713720/1,Bachelor of Arts with Honours in Sports Studies,0,2F,10,50,0
2011,SPS9C5,1815281/1,Bachelor of Arts with Honours in Sports Studies,0,2F,10,50,0
2011,SPS9C5,1814091/1,Bachelor of Arts with Honours in Sports Studies,0,2F,10,50,0
2011,SPS9C5,1821670/1,Bachelor of Arts with Honours in Sports Studies,0,2F,10,50,0
2011,SPS9C5,1820345/1,Bachelor of Arts with Honours in Sports Studies,0,2F,10,50,0
2011,SPS9C5,1813468/1,Bachelor of Arts with Honours in Sports Studies,0,2F,10,50,0
2012,SPS9C5,1717950/1,Bachelor of Arts with Honours in Sports Studies,0,2F,10,50,0
2012,SPS9C5,1921845/1,Bachelor of Arts with Honours in Sports Studies,0,2F,10,50,0
2012,SPS9C5,1912450/1,Bachelor of Arts with Honours in Sports Studies,0,2F,10,50,0
2013,SPS9C5,1921362/1,Bachelor of Arts with Honours in Sports Studies,0,2F,10,50,0
2011,SPS9D6,1716535/1,Bachelor of Arts with Honours in Sports Studies,0,2F,10,50,0
2011,SPS9D6,1715536/1,Bachelor of Arts with Honours in Sports Studies,0,2F,10,50,0
2011,SPS9D8,1617623/1,Bachelor of Arts with Honours in Sports Studies,0,2F,10,50,0
2011,SPS9D8,1616464/1,Bachelor of Arts with Honours in Sports Studies,0,2F,10,50,0
2011,SPS9D8,1620778/1,Bachelor of Arts with Honours in Sports Studies,0,2F,10,50,0
2011,SPS9D8,1514075/1,Bachelor of Arts with Honours in Sports Studies,0,2F,10,50,0
2012,SPS9D8,1617868/1,Bachelor of Arts with Honours in Sports Studies,0,2F,10,50,0
2012,SPS9D8,1518265/1,Bachelor of Arts with Honours in Sports Studies,0,2F,10,50,0
2012,SPS9D8,1714672/1,Bachelor of Arts with Honours in Sports Studies,0,2F,10,50,0
2012,SPS9D8,1714666/1,Bachelor of Arts with Honours in Sports Studies,0,2F,10,50,0
2012,SPS9D8,1723173/1,Bachelor of Arts with Honours in Sports Studies,0,2F,10,50,0
2012,SPS9D8,1611556/2,Bachelor of Arts with Honours in Sports Studies,0,2F,10,50,0
2012,SPS9D8,1713720/1,Bachelor of Arts with Honours in Sports Studies,0,2F,10,50,0
2012,SPS9D8,1712691/1,Bachelor of Arts with Honours in Sports Studies,0,2F,10,50,0
2012,SPS9D8,1710797/1,Bachelor of Arts with Honours in Sports Studies,0,2F,10,50,0
2013,SPS9D8,1815281/1,Bachelor of Arts with Honours in Sports Studies,0,2F,10,50,0
2013,SPS9D8,1816970/1,Bachelor of Arts with Honours in Sports Studies,0,2F,10,50,0
2013,SPS9D8,1716061/1,Bachelor of Arts with Honours in Sports Studies,0,2F,10,50,0
2013,SPS9D8,1817756/1,Bachelor of Arts with Honours in Sports Studies,0,2F,10,50,0
2013,SPS9D8,1811872/1,Bachelor of Arts with Honours in Sports Studies,0,2F,10,50,0
2013,SPS9D8,1810874/1,Bachelor of Arts with Honours in Sports Studies,0,2F,10,50,0
2013,SPS9D8,1827325/1,Bachelor of Arts with Honours in Sports Studies,0,2F,10,50,0
2013,SPS9D8,1812592/1,Bachelor of Arts with Honours in Sports Studies,0,2F,10,50,0
2014,SPS9D8,1818428/1,Bachelor of Arts with Honours in Sports Studies,0,2F,10,50,0
2014,SPS9D8,1916770/1,Bachelor of Arts with Honours in Sports Studies,0,2F,10,50,0
2014,SPS9D8,1717950/1,Bachelor of Arts with Honours in Sports Studies,0,2F,10,50,0
2014,SPS9D4,2033679/1,Bachelor of Science with Honours in Sport Studies, Physical Education and Professional Education,0,2F,10,50,0
2010,SPS9C5,1714820/1,General Degree of Bachelor of Arts (main subject: Economics),0,2F,10,50,0
2012,SPS9C5,1914009/1,General Degree of Bachelor of Arts (main subject: Sports Studies),0,2F,10,50,0
2011,SPS915,1816896/1,General Degree of Bachelor of Science (main subject: Biology),0,2F,10,50,0
2010,SPS9C5,1720931/1,General Degree of Bachelor of Science (main subject: Biology),0,2F,10,50,0
2011,SPS9D6,1720931/1,General Degree of Bachelor of Science (main subject: Biology),0,2F,10,50,0
2011,SPS9C5,2027361/1,Institutional Credit Non-graduating UG Exchange Student,0,2F,10,50,0
2010,SPS9C5,1927296/1,Institutional Credit Non-graduating UG Reciprocal Exchange Student,0,2F,10,50,0
2014,SPS9D4,2119333/1,Bachelor of Science with Honours in Sport and Exercise Science,1,2F,10,50,0
2014,SPS9D4,2115990/1,Bachelor of Science with Honours in Sport and Exercise Science,1,2F,10,50,0
2014,SPS9D4,2116882/1,Bachelor of Science with Honours in Sport and Exercise Science,1,2F,10,50,0
2014,SPS9D4,2116208/1,Bachelor of Science with Honours in Sport and Exercise Science,1,2F,10,50,0
2010,SPS915,1717358/1,Bachelor of Science with Honours in Sport and Exercise Science,1,2F,10,50,0
2010,SPS915,1712315/1,Bachelor of Science with Honours in Sport and Exercise Science,1,2F,10,50,0
2010,SPS915,1825216/1,Bachelor of Science with Honours in Sport and Exercise Science,1,2F,10,50,0
2010,SPS915,1710992/1,Bachelor of Science with Honours in Sport and Exercise Science,1,2F,10,50,0
2011,SPS915,1816330/1,Bachelor of Science with Honours in Sport and Exercise Science,1,2F,10,50,0
2011,SPS915,1812087/1,Bachelor of Science with Honours in Sport and Exercise Science,1,2F,10,50,0
2011,SPS915,1811737/1,Bachelor of Science with Honours in Sport and Exercise Science,1,2F,10,50,0
2011,SPS915,1818202/1,Bachelor of Science with Honours in Sport and Exercise Science,1,2F,10,50,0
2011,SPS915,1812003/1,Bachelor of Science with Honours in Sport and Exercise Science,1,2F,10,50,0
2012,SPS915,1916453/1,Bachelor of Science with Honours in Sport and Exercise Science,1,2F,10,50,0
2012,SPS915,1913590/1,Bachelor of Science with Honours in Sport and Exercise Science,1,2F,10,50,0
2012,SPS915,1912218/1,Bachelor of Science with Honours in Sport and Exercise Science,1,2F,10,50,0
2012,SPS915,1916384/1,Bachelor of Science with Honours in Sport and Exercise Science,1,2F,10,50,0
2012,SPS915,1918887/1,Bachelor of Science with Honours in Sport and Exercise Science,1,2F,10,50,0
2012,SPS915,1927267/1,Bachelor of Science with Honours in Sport and Exercise Science,1,2F,10,50,0
2012,SPS915,1912429/1,Bachelor of Science with Honours in Sport and Exercise Science,1,2F,10,50,0
2012,SPS915,1911737/1,Bachelor of Science with Honours in Sport and Exercise Science,1,2F,10,50,0
2012,SPS915,1912274/1,Bachelor of Science with Honours in Sport and Exercise Science,1,2F,10,50,0
2012,SPS915,1914731/1,Bachelor of Science with Honours in Sport and Exercise Science,1,2F,10,50,0
2013,SPS915,2015951/1,Bachelor of Science with Honours in Sport and Exercise Science,1,2F,10,50,0
2013,SPS915,2014323/1,Bachelor of Science with Honours in Sport and Exercise Science,1,2F,10,50,0
2010,SPS9C5,1712213/1,Bachelor of Science with Honours in Sport and Exercise Science,1,2F,10,50,0
2011,SPS9C5,1810323/1,Bachelor of Science with Honours in Sport and Exercise Science,1,2F,10,50,0
2011,SPS9C5,1811737/1,Bachelor of Science with Honours in Sport and Exercise Science,1,2F,10,50,0
2011,SPS9C5,1814367/1,Bachelor of Science with Honours in Sport and Exercise Science,1,2F,10,50,0
2011,SPS9C5,1818202/1,Bachelor of Science with Honours in Sport and Exercise Science,1,2F,10,50,0
2011,SPS9C5,1812003/1,Bachelor of Science with Honours in Sport and Exercise Science,1,2F,10,50,0
2012,SPS9C5,1916368/1,Bachelor of Science with Honours in Sport and Exercise Science,1,2F,10,50,0
2013,SPS9C5,2015951/1,Bachelor of Science with Honours in Sport and Exercise Science,1,2F,10,50,0
2013,SPS9D8,1811431/1,Bachelor of Science with Honours in Sport and Exercise Science,1,2F,10,50,0
2013,SPS9D8,1814025/1,Bachelor of Science with Honours in Sport and Exercise Science,1,2F,10,50,0
2014,SPS9D8,1916122/1,Bachelor of Science with Honours in Sport and Exercise Science,1,2F,10,50,0
2014,SPS9D8,1816513/1,Bachelor of Science with Honours in Sport and Exercise Science,1,2F,10,50,0
2010,SPS915,1719462/1,Bachelor of Arts in Sports Studies,0,3A,9,45,0
2011,SPS915,1714260/1,Bachelor of Arts in Sports Studies,0,3A,9,45,0
2012,SPS915,1925384/1,Bachelor of Arts in Sports Studies,0,3A,9,45,0
2013,SPS915,2018219/1,Bachelor of Arts in Sports Studies,0,3A,9,45,0
2010,SPS9C5,1717417/1,Bachelor of Arts in Sports Studies,0,3A,9,45,0
2010,SPS9C5,1711022/1,Bachelor of Arts in Sports Studies,0,3A,9,45,0
2011,SPS9C5,1815261/1,Bachelor of Arts in Sports Studies,0,3A,9,45,0
2012,SPS9C5,1921782/1,Bachelor of Arts in Sports Studies,0,3A,9,45,0
2013,SPS9C5,2018219/1,Bachelor of Arts in Sports Studies,0,3A,9,45,0
2013,SPS9C5,2020432/1,Bachelor of Arts in Sports Studies,0,3A,9,45,0
2013,SPS9C5,2018459/1,Bachelor of Arts in Sports Studies,0,3A,9,45,0
2011,SPS9D6,1611210/1,Bachelor of Arts in Sports Studies,0,3A,9,45,0
2012,SPS9D6,1811944/1,Bachelor of Arts in Sports Studies,0,3A,9,45,0
2010,SPS915,1610900/1,Bachelor of Arts with Honours in Business Studies and Sports Studies,0,3A,9,45,0
2010,SPS9C5,1711759/1,Bachelor of Arts with Honours in Business Studies and Sports Studies,0,3A,9,45,0
2011,SPS9D8,1611775/1,Bachelor of Arts with Honours in Business Studies and Sports Studies,0,3A,9,45,0
2013,SPS9D8,1811615/1,Bachelor of Arts with Honours in Business Studies and Sports Studies,0,3A,9,45,0
2013,SPS9D8,1823052/1,Bachelor of Arts with Honours in Business Studies and Sports Studies,0,3A,9,45,0
2010,SPS915,1713629/1,Bachelor of Arts with Honours in Economics and Sports Studies,0,3A,9,45,0
2012,SPS915,1913832/1,Bachelor of Arts with Honours in History and Sports Studies,0,3A,9,45,0
2011,SPS9D8,1615007/1,Bachelor of Arts with Honours in Journalism Studies and Sports Studies,0,3A,9,45,0
2010,SPS915,1713748/1,Bachelor of Arts with Honours in Marketing and Sports Studies,0,3A,9,45,0
2012,SPS9D8,1615202/1,Bachelor of Arts with Honours in Marketing and Sports Studies,0,3A,9,45,0
2010,SPS915,1710472/1,Bachelor of Arts with Honours in Psychology and Sports Studies,0,3A,9,45,0
2011,SPS9C5,1813918/1,Bachelor of Arts with Honours in Psychology and Sports Studies,0,3A,9,45,0
2011,SPS9C5,1812838/1,Bachelor of Arts with Honours in Psychology and Sports Studies,0,3A,9,45,0
2011,SPS9C5,1822244/1,Bachelor of Arts with Honours in Psychology and Sports Studies,0,3A,9,45,0
2012,SPS9D8,1710472/1,Bachelor of Arts with Honours in Psychology and Sports Studies,0,3A,9,45,0
2014,SPS9D4,2222374/1,Bachelor of Arts with Honours in Sports Studies,0,3A,9,45,0
2014,SPS9D4,2119357/1,Bachelor of Arts with Honours in Sports Studies,0,3A,9,45,0
2014,SPS9D4,2115281/1,Bachelor of Arts with Honours in Sports Studies,0,3A,9,45,0
2014,SPS9D4,2013950/1,Bachelor of Arts with Honours in Sports Studies,0,3A,9,45,0
2013,SPS9D4,1912191/1,Bachelor of Arts with Honours in Sports Studies,0,3A,9,45,0
2010,SPS915,1610594/1,Bachelor of Arts with Honours in Sports Studies,0,3A,9,45,0
2010,SPS915,1714088/1,Bachelor of Arts with Honours in Sports Studies,0,3A,9,45,0
2010,SPS915,1817961/1,Bachelor of Arts with Honours in Sports Studies,0,3A,9,45,0
2010,SPS915,1615122/1,Bachelor of Arts with Honours in Sports Studies,0,3A,9,45,0
2010,SPS915,1717154/1,Bachelor of Arts with Honours in Sports Studies,0,3A,9,45,0
2010,SPS915,1714672/1,Bachelor of Arts with Honours in Sports Studies,0,3A,9,45,0
2010,SPS915,1712727/1,Bachelor of Arts with Honours in Sports Studies,0,3A,9,45,0
2011,SPS915,1811143/1,Bachelor of Arts with Honours in Sports Studies,0,3A,9,45,0
2011,SPS915,1820345/1,Bachelor of Arts with Honours in Sports Studies,0,3A,9,45,0
2012,SPS915,1912301/1,Bachelor of Arts with Honours in Sports Studies,0,3A,9,45,0
2012,SPS915,1912500/1,Bachelor of Arts with Honours in Sports Studies,0,3A,9,45,0
2010,SPS9C5,1713711/1,Bachelor of Arts with Honours in Sports Studies,0,3A,9,45,0
2010,SPS9C5,1813965/1,Bachelor of Arts with Honours in Sports Studies,0,3A,9,45,0
2010,SPS9C5,1615089/1,Bachelor of Arts with Honours in Sports Studies,0,3A,9,45,0
2010,SPS9C5,1713082/1,Bachelor of Arts with Honours in Sports Studies,0,3A,9,45,0
2010,SPS9C5,1717308/1,Bachelor of Arts with Honours in Sports Studies,0,3A,9,45,0
2011,SPS9C5,1811143/1,Bachelor of Arts with Honours in Sports Studies,0,3A,9,45,0
2011,SPS9C5,1812691/1,Bachelor of Arts with Honours in Sports Studies,0,3A,9,45,0
2011,SPS9C5,1817756/1,Bachelor of Arts with Honours in Sports Studies,0,3A,9,45,0
2011,SPS9C5,1716429/1,Bachelor of Arts with Honours in Sports Studies,0,3A,9,45,0
2011,SPS9C5,1815591/1,Bachelor of Arts with Honours in Sports Studies,0,3A,9,45,0
2011,SPS9C5,1813596/1,Bachelor of Arts with Honours in Sports Studies,0,3A,9,45,0
2011,SPS9D6,1713830/1,Bachelor of Arts with Honours in Sports Studies,0,3A,9,45,0
2011,SPS9D8,1617338/1,Bachelor of Arts with Honours in Sports Studies,0,3A,9,45,0
2011,SPS9D8,1717745/1,Bachelor of Arts with Honours in Sports Studies,0,3A,9,45,0
2011,SPS9D8,1614659/1,Bachelor of Arts with Honours in Sports Studies,0,3A,9,45,0
2012,SPS9D8,1612433/1,Bachelor of Arts with Honours in Sports Studies,0,3A,9,45,0
2012,SPS9D8,1614965/1,Bachelor of Arts with Honours in Sports Studies,0,3A,9,45,0
2012,SPS9D8,1615122/1,Bachelor of Arts with Honours in Sports Studies,0,3A,9,45,0
2012,SPS9D8,1818781/1,Bachelor of Arts with Honours in Sports Studies,0,3A,9,45,0
2012,SPS9D8,1517763/1,Bachelor of Arts with Honours in Sports Studies,0,3A,9,45,0
2013,SPS9D8,1812691/1,Bachelor of Arts with Honours in Sports Studies,0,3A,9,45,0
2013,SPS9D8,1921539/1,Bachelor of Arts with Honours in Sports Studies,0,3A,9,45,0
2013,SPS9D8,1814391/1,Bachelor of Arts with Honours in Sports Studies,0,3A,9,45,0
2013,SPS9D8,1718934/1,Bachelor of Arts with Honours in Sports Studies,0,3A,9,45,0
2014,SPS9D8,1916193/1,Bachelor of Arts with Honours in Sports Studies,0,3A,9,45,0
2014,SPS9D8,1919390/1,Bachelor of Arts with Honours in Sports Studies,0,3A,9,45,0
2014,SPS9D8,1917681/1,Bachelor of Arts with Honours in Sports Studies,0,3A,9,45,0
2014,SPS9D8,1816971/1,Bachelor of Arts with Honours in Sports Studies,0,3A,9,45,0
2013,SPS9D4,1918953/1,Diploma in Higher Education (main subject: Sports Studies),0,3A,9,45,0
2010,SPS915,1717027/1,Diploma in Higher Education in Sports Studies,0,3A,9,45,0
2012,SPS9C5,1919681/1,Diploma in Higher Education in Sports Studies,0,3A,9,45,0
2012,SPS915,1812092/1,General Degree of Bachelor of Arts (main subject: Sports Studies),0,3A,9,45,0
2013,SPS915,2017409/1,General Degree of Bachelor of Arts (main subject: Sports Studies),0,3A,9,45,0
2011,SPS9C5,1816922/1,General Degree of Bachelor of Arts (main subject: Sports Studies),0,3A,9,45,0
2011,SPS9C5,1811339/1,General Degree of Bachelor of Science (main subject: Biology),0,3A,9,45,0
2011,SPS9C5,1815877/1,General Degree of Bachelor of Science (main subject: Biology),0,3A,9,45,0
2011,SPS915,2027361/1,Institutional Credit Non-graduating UG Exchange Student,0,3A,9,45,0
2010,SPS915,1927296/1,Institutional Credit Non-graduating UG Reciprocal Exchange Student,0,3A,9,45,0
2014,SPS9D4,2116509/1,Bachelor of Science with Honours in Sport and Exercise Science,1,3A,9,45,0
2010,SPS915,1712213/1,Bachelor of Science with Honours in Sport and Exercise Science,1,3A,9,45,0
2011,SPS915,1812886/1,Bachelor of Science with Honours in Sport and Exercise Science,1,3A,9,45,0
2011,SPS915,1811065/1,Bachelor of Science with Honours in Sport and Exercise Science,1,3A,9,45,0
2011,SPS915,1814228/1,Bachelor of Science with Honours in Sport and Exercise Science,1,3A,9,45,0
2012,SPS915,1916122/1,Bachelor of Science with Honours in Sport and Exercise Science,1,3A,9,45,0
2012,SPS915,1913123/1,Bachelor of Science with Honours in Sport and Exercise Science,1,3A,9,45,0
2012,SPS915,2131530/1,Bachelor of Science with Honours in Sport and Exercise Science,1,3A,9,45,0
2011,SPS9C5,1812087/1,Bachelor of Science with Honours in Sport and Exercise Science,1,3A,9,45,0
2011,SPS9C5,1811431/1,Bachelor of Science with Honours in Sport and Exercise Science,1,3A,9,45,0
2011,SPS9C5,1812886/1,Bachelor of Science with Honours in Sport and Exercise Science,1,3A,9,45,0
2011,SPS9C5,1814025/1,Bachelor of Science with Honours in Sport and Exercise Science,1,3A,9,45,0
2011,SPS9C5,1814228/1,Bachelor of Science with Honours in Sport and Exercise Science,1,3A,9,45,0
2012,SPS9C5,1816513/1,Bachelor of Science with Honours in Sport and Exercise Science,1,3A,9,45,0
2014,SPS9D4,2119675/1,Bachelor of Arts in Sports Studies,0,3B,8,40,0
2013,SPS9D4,2122363/1,Bachelor of Arts in Sports Studies,0,3B,8,40,0
2010,SPS915,1715697/1,Bachelor of Arts in Sports Studies,0,3B,8,40,0
2010,SPS915,1725622/1,Bachelor of Arts in Sports Studies,0,3B,8,40,0
2010,SPS915,1816042/1,Bachelor of Arts in Sports Studies,0,3B,8,40,0
2010,SPS915,1611210/1,Bachelor of Arts in Sports Studies,0,3B,8,40,0
2011,SPS915,1815167/1,Bachelor of Arts in Sports Studies,0,3B,8,40,0
2013,SPS915,2020432/1,Bachelor of Arts in Sports Studies,0,3B,8,40,0
2013,SPS915,1917263/1,Bachelor of Arts in Sports Studies,0,3B,8,40,0
2013,SPS915,2010956/1,Bachelor of Arts in Sports Studies,0,3B,8,40,0
2013,SPS915,2014234/1,Bachelor of Arts in Sports Studies,0,3B,8,40,0
2010,SPS9C5,1714217/1,Bachelor of Arts in Sports Studies,0,3B,8,40,0
2010,SPS9C5,1719462/1,Bachelor of Arts in Sports Studies,0,3B,8,40,0
2010,SPS9C5,1717067/1,Bachelor of Arts in Sports Studies,0,3B,8,40,0
2011,SPS9C5,1811944/1,Bachelor of Arts in Sports Studies,0,3B,8,40,0
2011,SPS9C5,1725622/1,Bachelor of Arts in Sports Studies,0,3B,8,40,0
2013,SPS9D8,1812082/1,Bachelor of Arts with Honours in Business Studies and Sports Studies,0,3B,8,40,0
2012,SPS9D8,1713629/1,Bachelor of Arts with Honours in Economics and Sports Studies,0,3B,8,40,0
2010,SPS915,1713531/1,Bachelor of Arts with Honours in Human Resource Management and Sports Studies,0,3B,8,40,0
2011,SPS915,1815397/1,Bachelor of Arts with Honours in Journalism Studies and Sports Studies,0,3B,8,40,0
2010,SPS915,1716631/1,Bachelor of Arts with Honours in Psychology and Sports Studies,0,3B,8,40,0
2010,SPS915,1718087/1,Bachelor of Arts with Honours in Psychology and Sports Studies,0,3B,8,40,0
2011,SPS915,1816360/1,Bachelor of Arts with Honours in Psychology and Sports Studies,0,3B,8,40,0
2013,SPS915,1916693/1,Bachelor of Arts with Honours in Psychology and Sports Studies,0,3B,8,40,0
2011,SPS9C5,1815701/1,Bachelor of Arts with Honours in Psychology and Sports Studies,0,3B,8,40,0
2011,SPS9D8,1515576/1,Bachelor of Arts with Honours in Psychology and Sports Studies,0,3B,8,40,0
2011,SPS9D8,1424431/1,Bachelor of Arts with Honours in Psychology and Sports Studies,0,3B,8,40,0
2011,SPS9D8,1516145/1,Bachelor of Arts with Honours in Psychology and Sports Studies,0,3B,8,40,0
2014,SPS9D4,2115683/1,Bachelor of Arts with Honours in Sports Studies,0,3B,8,40,0
2014,SPS9D4,2120700/1,Bachelor of Arts with Honours in Sports Studies,0,3B,8,40,0
2014,SPS9D4,2115569/1,Bachelor of Arts with Honours in Sports Studies,0,3B,8,40,0
2014,SPS9D4,2216824/1,Bachelor of Arts with Honours in Sports Studies,0,3B,8,40,0
2014,SPS9D4,2119930/1,Bachelor of Arts with Honours in Sports Studies,0,3B,8,40,0
2010,SPS915,1716535/1,Bachelor of Arts with Honours in Sports Studies,0,3B,8,40,0
2010,SPS915,1714920/1,Bachelor of Arts with Honours in Sports Studies,0,3B,8,40,0
2010,SPS915,1714666/1,Bachelor of Arts with Honours in Sports Studies,0,3B,8,40,0
2010,SPS915,1723686/1,Bachelor of Arts with Honours in Sports Studies,0,3B,8,40,0
2010,SPS915,1517763/1,Bachelor of Arts with Honours in Sports Studies,0,3B,8,40,0
2011,SPS915,1815113/1,Bachelor of Arts with Honours in Sports Studies,0,3B,8,40,0
2011,SPS915,1815327/1,Bachelor of Arts with Honours in Sports Studies,0,3B,8,40,0
2011,SPS915,1815591/1,Bachelor of Arts with Honours in Sports Studies,0,3B,8,40,0
2011,SPS915,1818208/1,Bachelor of Arts with Honours in Sports Studies,0,3B,8,40,0
2011,SPS915,1814091/1,Bachelor of Arts with Honours in Sports Studies,0,3B,8,40,0
2011,SPS915,1813227/1,Bachelor of Arts with Honours in Sports Studies,0,3B,8,40,0
2011,SPS915,1811158/1,Bachelor of Arts with Honours in Sports Studies,0,3B,8,40,0
2013,SPS915,1814509/1,Bachelor of Arts with Honours in Sports Studies,0,3B,8,40,0
2010,SPS9C5,1818374/1,Bachelor of Arts with Honours in Sports Studies,0,3B,8,40,0
2010,SPS9C5,1714904/1,Bachelor of Arts with Honours in Sports Studies,0,3B,8,40,0
2010,SPS9C5,1616108/1,Bachelor of Arts with Honours in Sports Studies,0,3B,8,40,0
2010,SPS9C5,1713830/1,Bachelor of Arts with Honours in Sports Studies,0,3B,8,40,0
2010,SPS9C5,1818333/1,Bachelor of Arts with Honours in Sports Studies,0,3B,8,40,0
2011,SPS9C5,1811872/1,Bachelor of Arts with Honours in Sports Studies,0,3B,8,40,0
2011,SPS9C5,1818208/1,Bachelor of Arts with Honours in Sports Studies,0,3B,8,40,0
2011,SPS9C5,1823686/2,Bachelor of Arts with Honours in Sports Studies,0,3B,8,40,0
2011,SPS9D8,1611458/1,Bachelor of Arts with Honours in Sports Studies,0,3B,8,40,0
2011,SPS9D8,1623968/1,Bachelor of Arts with Honours in Sports Studies,0,3B,8,40,0
2012,SPS9D8,1612482/1,Bachelor of Arts with Honours in Sports Studies,0,3B,8,40,0
2012,SPS9D8,1717352/1,Bachelor of Arts with Honours in Sports Studies,0,3B,8,40,0
2012,SPS9D8,1714904/1,Bachelor of Arts with Honours in Sports Studies,0,3B,8,40,0
2012,SPS9D8,1524468/1,Bachelor of Arts with Honours in Sports Studies,0,3B,8,40,0
2012,SPS9D8,1726614/1,Bachelor of Arts with Honours in Sports Studies,0,3B,8,40,0
2012,SPS9D8,1713241/1,Bachelor of Arts with Honours in Sports Studies,0,3B,8,40,0
2012,SPS9D8,1715852/1,Bachelor of Arts with Honours in Sports Studies,0,3B,8,40,0
2013,SPS9D8,1817395/1,Bachelor of Arts with Honours in Sports Studies,0,3B,8,40,0
2013,SPS9D8,1812332/1,Bachelor of Arts with Honours in Sports Studies,0,3B,8,40,0
2013,SPS9D8,1818208/1,Bachelor of Arts with Honours in Sports Studies,0,3B,8,40,0
2013,SPS9D8,1713282/1,Bachelor of Arts with Honours in Sports Studies,0,3B,8,40,0
2013,SPS9D8,1815395/1,Bachelor of Arts with Honours in Sports Studies,0,3B,8,40,0
2013,SPS9D8,1821670/1,Bachelor of Arts with Honours in Sports Studies,0,3B,8,40,0
2013,SPS9D8,1712656/1,Bachelor of Arts with Honours in Sports Studies,0,3B,8,40,0
2014,SPS9D8,1911473/1,Bachelor of Arts with Honours in Sports Studies,0,3B,8,40,0
2014,SPS9D8,1927648/1,Bachelor of Arts with Honours in Sports Studies,0,3B,8,40,0
2014,SPS9D8,1916882/1,Bachelor of Arts with Honours in Sports Studies,0,3B,8,40,0
2010,SPS9C5,1715860/1,Diploma in Higher Education in Sports Studies,0,3B,8,40,0
2011,SPS915,1816922/1,General Degree of Bachelor of Arts (main subject: Sports Studies),0,3B,8,40,0
2013,SPS9C5,2017409/1,General Degree of Bachelor of Arts (main subject: Sports Studies),0,3B,8,40,0
2011,SPS915,1817343/1,General Degree of Bachelor of Science (main subject: Psychology),0,3B,8,40,0
2014,SPS9D4,2116125/1,Bachelor of Science with Honours in Sport and Exercise Science,1,3B,8,40,0
2010,SPS915,1210599/1,Bachelor of Science with Honours in Sport and Exercise Science,1,3B,8,40,0
2011,SPS915,1811431/1,Bachelor of Science with Honours in Sport and Exercise Science,1,3B,8,40,0
2012,SPS915,1917968/1,Bachelor of Science with Honours in Sport and Exercise Science,1,3B,8,40,0
2012,SPS915,1913182/1,Bachelor of Science with Honours in Sport and Exercise Science,1,3B,8,40,0
2011,SPS9C5,1810817/1,Bachelor of Science with Honours in Sport and Exercise Science,1,3B,8,40,0
2011,SPS9C5,1813444/1,Bachelor of Science with Honours in Sport and Exercise Science,1,3B,8,40,0
2013,SPS9D8,1812886/1,Bachelor of Science with Honours in Sport and Exercise Science,1,3B,8,40,0
2014,SPS9D8,1818246/1,Bachelor of Science with Honours in Sport and Exercise Science,1,3B,8,40,0
2011,SPS915,1816326/1,Bachelor of Arts ,0,3C,7,35,0
2010,SPS915,1714217/1,Bachelor of Arts in Sports Studies,0,3C,7,35,0
2010,SPS915,1712855/1,Bachelor of Arts in Sports Studies,0,3C,7,35,0
2010,SPS915,1716214/1,Bachelor of Arts in Sports Studies,0,3C,7,35,0
2010,SPS915,1717067/1,Bachelor of Arts in Sports Studies,0,3C,7,35,0
2010,SPS915,1719084/1,Bachelor of Arts in Sports Studies,0,3C,7,35,0
2011,SPS915,1815261/1,Bachelor of Arts in Sports Studies,0,3C,7,35,0
2011,SPS915,1625071/1,Bachelor of Arts in Sports Studies,0,3C,7,35,0
2011,SPS915,1811944/1,Bachelor of Arts in Sports Studies,0,3C,7,35,0
2011,SPS915,1815200/1,Bachelor of Arts in Sports Studies,0,3C,7,35,0
2011,SPS915,1811262/1,Bachelor of Arts in Sports Studies,0,3C,7,35,0
2011,SPS915,1922784/1,Bachelor of Arts in Sports Studies,0,3C,7,35,0
2011,SPS915,1811984/1,Bachelor of Arts in Sports Studies,0,3C,7,35,0
2011,SPS915,1717532/1,Bachelor of Arts in Sports Studies,0,3C,7,35,0
2011,SPS915,1720415/1,Bachelor of Arts in Sports Studies,0,3C,7,35,0
2011,SPS915,1921052/1,Bachelor of Arts in Sports Studies,0,3C,7,35,0
2011,SPS915,1713631/1,Bachelor of Arts in Sports Studies,0,3C,7,35,0
2011,SPS915,1612458/1,Bachelor of Arts in Sports Studies,0,3C,7,35,0
2011,SPS915,1615304/1,Bachelor of Arts in Sports Studies,0,3C,7,35,0
2012,SPS915,1921782/1,Bachelor of Arts in Sports Studies,0,3C,7,35,0
2013,SPS915,2018459/1,Bachelor of Arts in Sports Studies,0,3C,7,35,0
2011,SPS9C5,1720415/1,Bachelor of Arts in Sports Studies,0,3C,7,35,0
2011,SPS9C5,1911963/1,Bachelor of Arts in Sports Studies,0,3C,7,35,0
2011,SPS9C5,1612458/1,Bachelor of Arts in Sports Studies,0,3C,7,35,0
2013,SPS9C5,2012902/1,Bachelor of Arts in Sports Studies,0,3C,7,35,0
2011,SPS915,1812082/1,Bachelor of Arts with Honours in Business Studies and Sports Studies,0,3C,7,35,0
2011,SPS9D8,1424905/1,Bachelor of Arts with Honours in Business Studies and Sports Studies,0,3C,7,35,0
2013,SPS9D8,1716672/2,Bachelor of Arts with Honours in Business Studies and Sports Studies,0,3C,7,35,0
2011,SPS915,1817351/1,Bachelor of Arts with Honours in Law and Sports Studies,0,3C,7,35,0
2011,SPS915,1815198/1,Bachelor of Arts with Honours in Marketing and Sports Studies,0,3C,7,35,0
2012,SPS915,1916747/1,Bachelor of Arts with Honours in Psychology and Sports Studies,0,3C,7,35,0
2014,SPS9D4,2118002/1,Bachelor of Arts with Honours in Sports Studies,0,3C,7,35,0
2014,SPS9D4,2122060/1,Bachelor of Arts with Honours in Sports Studies,0,3C,7,35,0
2010,SPS915,1714899/1,Bachelor of Arts with Honours in Sports Studies,0,3C,7,35,0
2010,SPS915,1612433/1,Bachelor of Arts with Honours in Sports Studies,0,3C,7,35,0
2010,SPS915,1723171/1,Bachelor of Arts with Honours in Sports Studies,0,3C,7,35,0
2010,SPS915,1713711/1,Bachelor of Arts with Honours in Sports Studies,0,3C,7,35,0
2010,SPS915,1713830/1,Bachelor of Arts with Honours in Sports Studies,0,3C,7,35,0
2010,SPS915,1615089/1,Bachelor of Arts with Honours in Sports Studies,0,3C,7,35,0
2010,SPS915,1725545/1,Bachelor of Arts with Honours in Sports Studies,0,3C,7,35,0
2010,SPS915,1720654/1,Bachelor of Arts with Honours in Sports Studies,0,3C,7,35,0
2010,SPS915,1723173/1,Bachelor of Arts with Honours in Sports Studies,0,3C,7,35,0
2010,SPS915,1713082/1,Bachelor of Arts with Honours in Sports Studies,0,3C,7,35,0
2010,SPS915,1713717/1,Bachelor of Arts with Honours in Sports Studies,0,3C,7,35,0
2010,SPS915,1715536/1,Bachelor of Arts with Honours in Sports Studies,0,3C,7,35,0
2010,SPS915,1713720/1,Bachelor of Arts with Honours in Sports Studies,0,3C,7,35,0
2010,SPS915,1712691/1,Bachelor of Arts with Honours in Sports Studies,0,3C,7,35,0
2010,SPS915,1710797/1,Bachelor of Arts with Honours in Sports Studies,0,3C,7,35,0
2011,SPS915,1815281/1,Bachelor of Arts with Honours in Sports Studies,0,3C,7,35,0
2011,SPS915,1718582/1,Bachelor of Arts with Honours in Sports Studies,0,3C,7,35,0
2011,SPS915,1716061/1,Bachelor of Arts with Honours in Sports Studies,0,3C,7,35,0
2011,SPS915,1812166/1,Bachelor of Arts with Honours in Sports Studies,0,3C,7,35,0
2011,SPS915,1921539/1,Bachelor of Arts with Honours in Sports Studies,0,3C,7,35,0
2011,SPS915,1716429/1,Bachelor of Arts with Honours in Sports Studies,0,3C,7,35,0
2011,SPS915,1811872/1,Bachelor of Arts with Honours in Sports Studies,0,3C,7,35,0
2011,SPS915,1810620/1,Bachelor of Arts with Honours in Sports Studies,0,3C,7,35,0
2011,SPS915,1827409/1,Bachelor of Arts with Honours in Sports Studies,0,3C,7,35,0
2011,SPS915,1813596/1,Bachelor of Arts with Honours in Sports Studies,0,3C,7,35,0
2011,SPS915,1814391/1,Bachelor of Arts with Honours in Sports Studies,0,3C,7,35,0
2011,SPS915,1513656/1,Bachelor of Arts with Honours in Sports Studies,0,3C,7,35,0
2011,SPS915,1810310/1,Bachelor of Arts with Honours in Sports Studies,0,3C,7,35,0
2012,SPS915,1914178/1,Bachelor of Arts with Honours in Sports Studies,0,3C,7,35,0
2012,SPS915,1916770/1,Bachelor of Arts with Honours in Sports Studies,0,3C,7,35,0
2012,SPS915,1912450/1,Bachelor of Arts with Honours in Sports Studies,0,3C,7,35,0
2010,SPS9C5,1518265/1,Bachelor of Arts with Honours in Sports Studies,0,3C,7,35,0
2011,SPS9C5,1718582/1,Bachelor of Arts with Honours in Sports Studies,0,3C,7,35,0
2011,SPS9C5,1815113/1,Bachelor of Arts with Honours in Sports Studies,0,3C,7,35,0
2011,SPS9C5,1812332/1,Bachelor of Arts with Honours in Sports Studies,0,3C,7,35,0
2011,SPS9C5,1817124/1,Bachelor of Arts with Honours in Sports Studies,0,3C,7,35,0
2011,SPS9D8,1717216/1,Bachelor of Arts with Honours in Sports Studies,0,3C,7,35,0
2011,SPS9D8,1614588/1,Bachelor of Arts with Honours in Sports Studies,0,3C,7,35,0
2011,SPS9D8,1618518/1,Bachelor of Arts with Honours in Sports Studies,0,3C,7,35,0
2011,SPS9D8,1613304/1,Bachelor of Arts with Honours in Sports Studies,0,3C,7,35,0
2012,SPS9D8,1717308/1,Bachelor of Arts with Honours in Sports Studies,0,3C,7,35,0
2013,SPS9D8,1814548/1,Bachelor of Arts with Honours in Sports Studies,0,3C,7,35,0
2013,SPS9D8,1827409/1,Bachelor of Arts with Honours in Sports Studies,0,3C,7,35,0
2013,SPS9D8,1810310/1,Bachelor of Arts with Honours in Sports Studies,0,3C,7,35,0
2013,SPS9D8,1914117/1,Bachelor of Arts with Honours in Sports Studies,0,3C,7,35,0
2014,SPS9D8,1813924/1,Bachelor of Arts with Honours in Sports Studies,0,3C,7,35,0
2010,SPS915,1614285/1,Diploma in Higher Education in Sports Studies,0,3C,7,35,0
2012,SPS915,1920454/1,General Degree of Bachelor of Arts (main subject: Sports Studies),0,3C,7,35,0
2012,SPS915,1917353/1,General Degree of Bachelor of Arts (main subject: Sports Studies),0,3C,7,35,0
2010,SPS915,1720931/1,General Degree of Bachelor of Science (main subject: Biology),0,3C,7,35,0
2011,SPS915,1815877/1,General Degree of Bachelor of Science (main subject: Biology),0,3C,7,35,0
2014,SPS9D4,2123017/1,Bachelor of Science with Honours in Sport and Exercise Science,1,3C,7,35,0
2011,SPS915,1813444/1,Bachelor of Science with Honours in Sport and Exercise Science,1,3C,7,35,0
2012,SPS915,1916199/1,Bachelor of Science with Honours in Sport and Exercise Science,1,3C,7,35,0
2012,SPS9C5,1918887/1,Bachelor of Science with Honours in Sport and Exercise Science,1,3C,7,35,0
2014,SPS9D8,1917968/1,Bachelor of Science with Honours in Sport and Exercise Science,1,3C,7,35,0
2013,SPS9D4,2019052/1,Bachelor of Arts in Sports Studies,0,4A,6,30,0
2010,SPS915,1717417/1,Bachelor of Arts in Sports Studies,0,4A,6,30,0
2010,SPS915,1724313/1,Bachelor of Arts in Sports Studies,0,4A,6,30,0
2010,SPS915,1720415/1,Bachelor of Arts in Sports Studies,0,4A,6,30,0
2010,SPS915,1716092/1,Bachelor of Arts in Sports Studies,0,4A,6,30,0
2010,SPS915,1718036/1,Bachelor of Arts in Sports Studies,0,4A,6,30,0
2011,SPS915,1818182/1,Bachelor of Arts in Sports Studies,0,4A,6,30,0
2011,SPS915,1717037/1,Bachelor of Arts in Sports Studies,0,4A,6,30,0
2010,SPS9C5,1720415/1,Bachelor of Arts in Sports Studies,0,4A,6,30,0
2014,SPS9D4,2222151/1,Bachelor of Arts with Honours in Sports Studies,0,4A,6,30,0
2014,SPS9D4,2118655/1,Bachelor of Arts with Honours in Sports Studies,0,4A,6,30,0
2014,SPS9D4,2117069/1,Bachelor of Arts with Honours in Sports Studies,0,4A,6,30,0
2014,SPS9D4,2219842/1,Bachelor of Arts with Honours in Sports Studies,0,4A,6,30,0
2010,SPS915,1713464/1,Bachelor of Arts with Honours in Sports Studies,0,4A,6,30,0
2010,SPS915,1818333/1,Bachelor of Arts with Honours in Sports Studies,0,4A,6,30,0
2012,SPS915,1716853/1,Bachelor of Arts with Honours in Sports Studies,0,4A,6,30,0
2011,SPS9C5,1827409/1,Bachelor of Arts with Honours in Sports Studies,0,4A,6,30,0
2012,SPS9D8,1818374/1,Bachelor of Arts with Honours in Sports Studies,0,4A,6,30,0
2012,SPS9D8,1610594/1,Bachelor of Arts with Honours in Sports Studies,0,4A,6,30,0
2012,SPS9D8,1713830/1,Bachelor of Arts with Honours in Sports Studies,0,4A,6,30,0
2010,SPS915,1612920/1,Diploma in Higher Education in Sports Studies,0,4A,6,30,0
2012,SPS915,1914009/1,General Degree of Bachelor of Arts (main subject: Sports Studies),0,4A,6,30,0
2011,SPS915,1710055/1,Bachelor of Arts in Sports Studies,0,4B,5,25,0
2011,SPS915,1821466/1,Bachelor of Arts in Sports Studies,0,4B,5,25,0
2011,SPS915,1817325/1,Bachelor of Arts in Sports Studies,0,4B,5,25,0
2011,SPS915,1911963/1,Bachelor of Arts in Sports Studies,0,4B,5,25,0
2011,SPS915,1919960/1,Bachelor of Arts in Sports Studies,0,4B,5,25,0
2011,SPS915,1711326/1,Bachelor of Arts with Honours in Sports Studies,0,4B,5,25,0
2011,SPS915,1812332/1,Bachelor of Arts with Honours in Sports Studies,0,4B,5,25,0
2011,SPS915,1817124/1,Bachelor of Arts with Honours in Sports Studies,0,4B,5,25,0
2011,SPS9D8,1512754/1,Bachelor of Arts with Honours in Sports Studies,0,4B,5,25,0
2011,SPS9D8,1512510/1,Bachelor of Arts with Honours in Sports Studies,0,4B,5,25,0
2014,SPS9D8,1917054/1,Bachelor of Arts with Honours in Sports Studies,0,4B,5,25,0
2012,SPS9D8,1615352/1,Bachelor of Science with Honours in Computing Science and Sports Studies,0,4B,5,25,0
2012,SPS915,2023652/1,Bachelor of Arts in Sports Studies,0,4C,4,20,0
2012,SPS915,2021058/1,Bachelor of Arts in Sports Studies,0,4C,4,20,0
2011,SPS9D8,1610507/1,Bachelor of Arts with Honours in Journalism Studies and Sports Studies,0,4C,4,20,0
2011,SPS915,1813402/1,Bachelor of Arts with Honours in Sports Studies,0,4C,4,20,0
2011,SPS915,1616910/1,Bachelor of Arts with Honours in Sports Studies,0,4C,4,20,0
2011,SPS915,1821419/1,Bachelor of Arts with Honours in Sports Studies,0,4C,4,20,0
2011,SPS9D8,1612697/1,Bachelor of Arts with Honours in Sports Studies,0,4C,4,20,0
2011,SPS9D8,1617096/1,Bachelor of Arts with Honours in Sports Studies,0,4C,4,20,0
2012,SPS9D8,1615089/1,Bachelor of Arts with Honours in Sports Studies,0,4C,4,20,0
2010,SPS915,1715666/1,Bachelor of Arts in Sports Studies,0,5A,3,15,0
2011,SPS915,1814830/1,Bachelor of Arts in Sports Studies,0,5A,3,15,0
2012,SPS9D8,1715699/1,Bachelor of Arts with Honours in Business Studies and Sports Studies,0,5A,3,15,0
2012,SPS9D8,1616108/1,Bachelor of Arts with Honours in Sports Studies,0,5A,3,15,0
2012,SPS9D8,1716535/1,Bachelor of Arts with Honours in Sports Studies,0,5B,2,10,0
2013,SPS9D8,1711326/1,Bachelor of Arts with Honours in Sports Studies,0,5C,1,5,0
2013,SPS9C5,1914151/1,Bachelor of Arts in Sports Studies,0,NC,#N/A,#VALUE!,0
2013,SPS9C5,2022796/1,Bachelor of Arts in Sports Studies,0,NC,#N/A,#VALUE!,0
2012,SPS9D8,1615780/1,Bachelor of Arts in Sports Studies,0,NC,#N/A,#VALUE!,0
2010,SPS9C5,1715961/1,Bachelor of Arts with Honours in Sports Studies,0,NC,#N/A,#VALUE!,0
2013,SPS9D8,1813402/1,Bachelor of Arts with Honours in Sports Studies,0,NC,#N/A,#VALUE!,0
2014,SPS9D4,2117492/1,Certificate in Higher Education in Sports Studies,0,NC,#N/A,#VALUE!,0
2011,SPS915,1714900/1,Diploma in Higher Education in Sports Studies,0,NC,#N/A,#VALUE!,0
2013,SPS915,2016946/1,Bachelor of Science with Honours in Sport and Exercise Science,1,NC,#N/A,#VALUE!,0
2013,SPS9C5,2016946/1,Bachelor of Science with Honours in Sport and Exercise Science,1,NC,#N/A,#VALUE!,0
2013,SPS9D8,1716429/1,Bachelor of Arts with Honours in Sports Studies,0,PL,#N/A,#VALUE!,0
2012,SPS9D8,1615900/1,Bachelor of Arts in Psychology,0,X,0,0,0
2013,SPS9D4,2022796/1,Bachelor of Arts in Sports Studies,0,X,0,0,0
2010,SPS915,1614294/1,Bachelor of Arts in Sports Studies,0,X,0,0,0
2011,SPS915,1918413/1,Bachelor of Arts in Sports Studies,0,X,0,0,0
2011,SPS915,1920661/1,Bachelor of Arts in Sports Studies,0,X,0,0,0
2013,SPS915,2019052/1,Bachelor of Arts in Sports Studies,0,X,0,0,0
2014,SPS9D4,2120606/1,Bachelor of Arts with Honours in Business Studies and Sports Studies,0,X,0,0,0
2013,SPS9D8,1813310/1,Bachelor of Arts with Honours in Film & Media and Sports Studies,0,X,0,0,0
2014,SPS9D4,1817692/1,Bachelor of Arts with Honours in Sports Studies,0,X,0,0,0
2014,SPS9D4,2012763/1,Bachelor of Arts with Honours in Sports Studies,0,X,0,0,0
2011,SPS915,1813468/1,Bachelor of Arts with Honours in Sports Studies,0,X,0,0,0
2010,SPS9C5,1720654/1,Bachelor of Arts with Honours in Sports Studies,0,X,0,0,0
2012,SPS9C5,1921590/1,Bachelor of Arts with Honours in Sports Studies,0,X,0,0,0
2012,SPS9D8,1818546/1,Bachelor of Arts with Honours in Sports Studies,0,X,0,0,0
2014,SPS9D8,1919063/1,Bachelor of Arts with Honours in Sports Studies,0,X,0,0,0
2013,SPS915,1918953/1,Diploma in Higher Education (main subject: Sports Studies),0,X,0,0,0
2013,SPS9C5,1918953/1,Diploma in Higher Education (main subject: Sports Studies),0,X,0,0,0
2012,SPS9C5,1714900/1,Diploma in Higher Education in Sports Studies,0,X,0,0,0
2011,SPS915,1818756/1,General Degree of Bachelor of Arts ,0,X,0,0,0
2013,SPS9D4,1615341/2,General Degree of Bachelor of Arts (main subject: Sports Studies),0,X,0,0,0
2010,SPS915,1614247/1,General Degree of Bachelor of Arts (main subject: Sports Studies),0,X,0,0,0
2013,SPS9D6,1914009/1,General Degree of Bachelor of Arts (main subject: Sports Studies),0,X,0,0,0
